WEEK_START,CHANNEL,SPEND,IMPRESSIONS
2023-01-02,Paid Search,161321.53,4368383
2023-01-09,Paid Search,146478.53,3927051
2023-01-16,Paid Search,103855.06,2629596
2023-01-23,Paid Search,141945.53,3748861
2023-01-30,Paid Search,261542.15,6644513
2023-02-06,Paid Search,172290.19,4798464
2023-02-13,Paid Search,252938.45,7162839
2023-02-20,Paid Search,114338.98,2803069
2023-02-27,Paid Search,176575.23,4444088
2023-03-06,Paid Search,96144.37,2515191
2023-03-13,Paid Search,59558.53,1577997
2023-03-20,Paid Search,132219.08,3545815
2023-03-27,Paid Search,115804.37,3079141
2023-04-03,Paid Search,165900.94,4516923
2023-04-10,Paid Search,196416.98,5280136
2023-04-17,Paid Search,157429.56,4084928
2023-04-24,Paid Search,158684.62,4778351
2023-05-01,Paid Search,111005.58,2626986
2023-05-08,Paid Search,136866.47,3842265
2023-05-15,Paid Search,217654.6,5617511
2023-05-22,Paid Search,128015.1,3084300
2023-05-29,Paid Search,290717.9,7601382
2023-06-05,Paid Search,117449.7,2784450
2023-06-12,Paid Search,142078.04,3845593
2023-06-19,Paid Search,112115.94,2845040
2023-06-26,Paid Search,171782.33,4373214
2023-07-03,Paid Search,103548.96,2749973
2023-07-10,Paid Search,129579.85,3478978
2023-07-17,Paid Search,194203.16,5481206
2023-07-24,Paid Search,146719.09,3765992
2023-07-31,Paid Search,99602.17,2837483
2023-08-07,Paid Search,146949.04,3720662
2023-08-14,Paid Search,126789.6,3212003
2023-08-21,Paid Search,228074.21,6171191
2023-08-28,Paid Search,82654.68,2163621
2023-09-04,Paid Search,151252.39,4168853
2023-09-11,Paid Search,167558.34,4859935
2023-09-18,Paid Search,108102.22,3048179
2023-09-25,Paid Search,105849.95,2931940
2023-10-02,Paid Search,220121.24,6142075
2023-10-09,Paid Search,104327.19,2710780
2023-10-16,Paid Search,123238.54,3179335
2023-10-23,Paid Search,187915.04,5119958
2023-10-30,Paid Search,269072.49,7070475
2023-11-06,Paid Search,118975.28,3230417
2023-11-13,Paid Search,193468.48,5203213
2023-11-20,Paid Search,268171.02,6395393
2023-11-27,Paid Search,165754.42,4394593
2023-12-04,Paid Search,248161.38,7202263
2023-12-11,Paid Search,207365.53,5699567
2023-12-18,Paid Search,217212.27,5627499
2023-12-25,Paid Search,149229.24,4169493
2024-01-01,Paid Search,190782.5,5147352
2024-01-08,Paid Search,278902.44,7122860
2024-01-15,Paid Search,152333.21,3858928
2024-01-22,Paid Search,340397.14,9451686
2024-01-29,Paid Search,133889.36,3509979
2024-02-05,Paid Search,161004.53,4118005
2024-02-12,Paid Search,260086.58,7142675
2024-02-19,Paid Search,150135.49,3743982
2024-02-26,Paid Search,195026.9,5005382
2024-03-04,Paid Search,124047.49,3149730
2024-03-11,Paid Search,150302.65,3577056
2024-03-18,Paid Search,158156.68,3946436
2024-03-25,Paid Search,212678.33,5632928
2024-04-01,Paid Search,38152.34,1056660
2024-04-08,Paid Search,41923.23,1141068
2024-04-15,Paid Search,98423.39,2478620
2024-04-22,Paid Search,61924.7,1693617
2024-04-29,Paid Search,67821.05,1767257
2024-05-06,Paid Search,182709.94,5068855
2024-05-13,Paid Search,131863.86,3339393
2024-05-20,Paid Search,167699.56,4221358
2024-05-27,Paid Search,179794.69,5061343
2024-06-03,Paid Search,171811.4,4565185
2024-06-10,Paid Search,195799.87,5254564
2024-06-17,Paid Search,205863.91,4941857
2024-06-24,Paid Search,277924.27,7199675
2024-07-01,Paid Search,118555.84,3030485
2024-07-08,Paid Search,195408.33,4993487
2024-07-15,Paid Search,111646.64,2905222
2024-07-22,Paid Search,199412.75,5307733
2024-07-29,Paid Search,173119.28,4594214
2024-08-05,Paid Search,113531.78,3084250
2024-08-12,Paid Search,150792.8,3743288
2024-08-19,Paid Search,152849.04,4335706
2024-08-26,Paid Search,186903.37,4392556
2024-09-02,Paid Search,130216.27,3180693
2024-09-09,Paid Search,178564.04,5007717
2024-09-16,Paid Search,217847.49,6009963
2024-09-23,Paid Search,127850.08,3234596
2024-09-30,Paid Search,90466.26,2386708
2024-10-07,Paid Search,145549.82,3808827
2024-10-14,Paid Search,100421.66,2746429
2024-10-21,Paid Search,159378.51,4069715
2024-10-28,Paid Search,196458.2,5190164
2024-11-04,Paid Search,115406.76,3049814
2024-11-11,Paid Search,323714.04,7497738
2024-11-18,Paid Search,264758.17,6801749
2024-11-25,Paid Search,121139.09,2843393
2024-12-02,Paid Search,144992.68,3972738
2024-12-09,Paid Search,241036.09,6257101
2024-12-16,Paid Search,257747.68,6557876
2024-12-23,Paid Search,166589.8,4614125
2024-12-30,Paid Search,211779.35,5595898
2025-01-06,Paid Search,107659.73,2754795
2025-01-13,Paid Search,156491.61,4522770
2025-01-20,Paid Search,144616.53,3900488
2025-01-27,Paid Search,165655.37,4068688
2025-02-03,Paid Search,145966.85,3930361
2025-02-10,Paid Search,219852.59,5772119
2025-02-17,Paid Search,170699.81,4508724
2025-02-24,Paid Search,144118.84,3803721
2025-03-03,Paid Search,187483.55,4815068
2025-03-10,Paid Search,150051.9,3834230
2025-03-17,Paid Search,196418.98,5374039
2025-03-24,Paid Search,140667.0,3381730
2025-03-31,Paid Search,172170.16,4480330
2025-04-07,Paid Search,180449.03,4654807
2025-04-14,Paid Search,167618.56,4630691
2025-04-21,Paid Search,204196.15,5815765
2025-04-28,Paid Search,119016.19,3024023
2025-05-05,Paid Search,144249.91,4098128
2025-05-12,Paid Search,139790.36,3696038
2025-05-19,Paid Search,146867.55,3768966
2025-05-26,Paid Search,118414.17,3154301
2025-06-02,Paid Search,139976.86,3494957
2025-06-09,Paid Search,124865.77,3224362
2025-06-16,Paid Search,176857.08,4887667
2025-06-23,Paid Search,205082.61,5159133
2025-06-30,Paid Search,134985.34,3675380
2025-07-07,Paid Search,167471.17,4289881
2025-07-14,Paid Search,115879.92,3346235
2025-07-21,Paid Search,141597.26,3523265
2025-07-28,Paid Search,76472.09,1877819
2025-08-04,Paid Search,157261.9,3919738
2025-08-11,Paid Search,112350.86,2847237
2025-08-18,Paid Search,172440.82,4911088
2025-08-25,Paid Search,206099.5,5865161
2025-09-01,Paid Search,210665.58,5384840
2025-09-08,Paid Search,123949.96,3418346
2025-09-15,Paid Search,110117.41,2904147
2025-09-22,Paid Search,302285.66,8598899
2025-09-29,Paid Search,152702.17,3955034
2025-10-06,Paid Search,243977.55,5811489
2025-10-13,Paid Search,244549.33,6118218
2025-10-20,Paid Search,114671.94,3098728
2025-10-27,Paid Search,153272.73,3904432
2025-11-03,Paid Search,151695.73,3446778
2025-11-10,Paid Search,104967.67,2478377
2025-11-17,Paid Search,142193.91,3743660
2025-11-24,Paid Search,326244.74,7959642
2025-12-01,Paid Search,164159.57,4662941
2025-12-08,Paid Search,214556.16,5660162
2025-12-15,Paid Search,196712.06,5299829
2025-12-22,Paid Search,226472.85,6454461
2023-01-02,Connected TV,35296.14,1173297
2023-01-09,Connected TV,21784.78,639339
2023-01-16,Connected TV,44183.93,1390096
2023-01-23,Connected TV,37970.86,1120245
2023-01-30,Connected TV,62161.74,1850048
2023-02-06,Connected TV,46687.5,1461245
2023-02-13,Connected TV,0.0,0
2023-02-20,Connected TV,0.0,0
2023-02-27,Connected TV,0.0,0
2023-03-06,Connected TV,30849.23,1083762
2023-03-13,Connected TV,59766.03,1818432
2023-03-20,Connected TV,22326.34,683677
2023-03-27,Connected TV,39701.69,1241098
2023-04-03,Connected TV,49422.92,1509626
2023-04-10,Connected TV,30333.29,1030263
2023-04-17,Connected TV,0.0,0
2023-04-24,Connected TV,0.0,0
2023-05-01,Connected TV,0.0,0
2023-05-08,Connected TV,52708.48,1746395
2023-05-15,Connected TV,61043.16,1931902
2023-05-22,Connected TV,52203.77,1686688
2023-05-29,Connected TV,37650.85,1014011
2023-06-05,Connected TV,50410.89,1542813
2023-06-12,Connected TV,34456.25,1078175
2023-06-19,Connected TV,0.0,0
2023-06-26,Connected TV,0.0,0
2023-07-03,Connected TV,0.0,0
2023-07-10,Connected TV,51503.83,1681288
2023-07-17,Connected TV,27547.8,913815
2023-07-24,Connected TV,48405.42,1586692
2023-07-31,Connected TV,48840.21,1478373
2023-08-07,Connected TV,31028.81,945907
2023-08-14,Connected TV,46909.82,1506421
2023-08-21,Connected TV,0.0,0
2023-08-28,Connected TV,0.0,0
2023-09-04,Connected TV,0.0,0
2023-09-11,Connected TV,55212.6,1756325
2023-09-18,Connected TV,35889.86,1012825
2023-09-25,Connected TV,55588.88,1629401
2023-10-02,Connected TV,39507.52,1190280
2023-10-09,Connected TV,42075.84,1375945
2023-10-16,Connected TV,72255.91,2090384
2023-10-23,Connected TV,0.0,0
2023-10-30,Connected TV,0.0,0
2023-11-06,Connected TV,0.0,0
2023-11-13,Connected TV,34501.76,1074924
2023-11-20,Connected TV,60853.27,1938607
2023-11-27,Connected TV,49251.56,1568836
2023-12-04,Connected TV,33311.43,1028577
2023-12-11,Connected TV,57461.74,1955394
2023-12-18,Connected TV,70924.42,2112371
2023-12-25,Connected TV,0.0,0
2024-01-01,Connected TV,0.0,0
2024-01-08,Connected TV,0.0,0
2024-01-15,Connected TV,40091.21,1176432
2024-01-22,Connected TV,36865.21,1158136
2024-01-29,Connected TV,74568.77,2419472
2024-02-05,Connected TV,64437.05,2106505
2024-02-12,Connected TV,32154.17,974910
2024-02-19,Connected TV,39325.43,1256134
2024-02-26,Connected TV,0.0,0
2024-03-04,Connected TV,0.0,0
2024-03-11,Connected TV,0.0,0
2024-03-18,Connected TV,39526.83,1237693
2024-03-25,Connected TV,44244.29,1448109
2024-04-01,Connected TV,33078.32,1004661
2024-04-08,Connected TV,33085.01,1100985
2024-04-15,Connected TV,59033.83,1756660
2024-04-22,Connected TV,70156.64,2032995
2024-04-29,Connected TV,0.0,0
2024-05-06,Connected TV,0.0,0
2024-05-13,Connected TV,0.0,0
2024-05-20,Connected TV,53187.09,1701979
2024-05-27,Connected TV,116294.3,4028134
2024-06-03,Connected TV,36697.09,1152666
2024-06-10,Connected TV,41802.88,1290606
2024-06-17,Connected TV,42581.77,1300267
2024-06-24,Connected TV,35561.12,1163079
2024-07-01,Connected TV,0.0,0
2024-07-08,Connected TV,0.0,0
2024-07-15,Connected TV,0.0,0
2024-07-22,Connected TV,25745.18,797026
2024-07-29,Connected TV,42702.5,1272952
2024-08-05,Connected TV,32628.98,1090006
2024-08-12,Connected TV,24856.93,796422
2024-08-19,Connected TV,35346.3,1130030
2024-08-26,Connected TV,28412.69,906650
2024-09-02,Connected TV,0.0,0
2024-09-09,Connected TV,0.0,0
2024-09-16,Connected TV,0.0,0
2024-09-23,Connected TV,81712.37,2648798
2024-09-30,Connected TV,77273.42,2451043
2024-10-07,Connected TV,95688.57,2980184
2024-10-14,Connected TV,110648.9,3250783
2024-10-21,Connected TV,48604.28,1407647
2024-10-28,Connected TV,113820.78,3715050
2024-11-04,Connected TV,0.0,0
2024-11-11,Connected TV,0.0,0
2024-11-18,Connected TV,0.0,0
2024-11-25,Connected TV,86705.51,2615060
2024-12-02,Connected TV,95543.8,2823021
2024-12-09,Connected TV,51611.47,1587609
2024-12-16,Connected TV,82162.35,2812504
2024-12-23,Connected TV,62614.36,2005919
2024-12-30,Connected TV,59330.96,1782655
2025-01-06,Connected TV,0.0,0
2025-01-13,Connected TV,0.0,0
2025-01-20,Connected TV,0.0,0
2025-01-27,Connected TV,55391.72,1755950
2025-02-03,Connected TV,64783.0,2046273
2025-02-10,Connected TV,48381.07,1564803
2025-02-17,Connected TV,25446.11,818184
2025-02-24,Connected TV,28624.82,860178
2025-03-03,Connected TV,43667.18,1273014
2025-03-10,Connected TV,0.0,0
2025-03-17,Connected TV,0.0,0
2025-03-24,Connected TV,0.0,0
2025-03-31,Connected TV,60049.22,1934466
2025-04-07,Connected TV,22101.02,721677
2025-04-14,Connected TV,32756.43,1073775
2025-04-21,Connected TV,37390.25,1066703
2025-04-28,Connected TV,41344.64,1231174
2025-05-05,Connected TV,26573.54,803416
2025-05-12,Connected TV,0.0,0
2025-05-19,Connected TV,0.0,0
2025-05-26,Connected TV,0.0,0
2025-06-02,Connected TV,41617.05,1298260
2025-06-09,Connected TV,36921.5,1177938
2025-06-16,Connected TV,36310.68,1089559
2025-06-23,Connected TV,53548.72,1592339
2025-06-30,Connected TV,57426.29,1870745
2025-07-07,Connected TV,28873.76,920460
2025-07-14,Connected TV,0.0,0
2025-07-21,Connected TV,0.0,0
2025-07-28,Connected TV,0.0,0
2025-08-04,Connected TV,65683.63,1863845
2025-08-11,Connected TV,28897.48,871842
2025-08-18,Connected TV,55517.55,1846826
2025-08-25,Connected TV,46877.39,1492074
2025-09-01,Connected TV,71700.58,2454715
2025-09-08,Connected TV,38071.68,1149944
2025-09-15,Connected TV,0.0,0
2025-09-22,Connected TV,0.0,0
2025-09-29,Connected TV,0.0,0
2025-10-06,Connected TV,33870.61,1035820
2025-10-13,Connected TV,61771.76,1919344
2025-10-20,Connected TV,38212.21,1289625
2025-10-27,Connected TV,35816.24,1062771
2025-11-03,Connected TV,42009.44,1316883
2025-11-10,Connected TV,35040.54,1098690
2025-11-17,Connected TV,0.0,0
2025-11-24,Connected TV,0.0,0
2025-12-01,Connected TV,0.0,0
2025-12-08,Connected TV,63625.91,2123191
2025-12-15,Connected TV,45251.59,1407518
2025-12-22,Connected TV,33808.88,1053190
2023-01-02,Paid Social,80787.76,8919400
2023-01-09,Paid Social,80452.1,8428336
2023-01-16,Paid Social,155678.81,16009909
2023-01-23,Paid Social,147830.85,15924425
2023-01-30,Paid Social,84053.39,8320215
2023-02-06,Paid Social,181159.15,19492163
2023-02-13,Paid Social,143237.68,15819219
2023-02-20,Paid Social,109031.05,11559387
2023-02-27,Paid Social,74343.86,8587924
2023-03-06,Paid Social,132261.32,14488445
2023-03-13,Paid Social,111990.33,12211317
2023-03-20,Paid Social,76439.61,7380567
2023-03-27,Paid Social,82146.01,8773079
2023-04-03,Paid Social,81268.7,9783965
2023-04-10,Paid Social,68861.34,6884760
2023-04-17,Paid Social,84622.29,8999035
2023-04-24,Paid Social,69602.93,7344938
2023-05-01,Paid Social,80075.78,8715035
2023-05-08,Paid Social,166230.01,18840205
2023-05-15,Paid Social,97140.65,10267574
2023-05-22,Paid Social,43055.07,4729114
2023-05-29,Paid Social,95842.38,9805473
2023-06-05,Paid Social,62459.06,6561781
2023-06-12,Paid Social,59449.42,6601809
2023-06-19,Paid Social,91762.77,9194466
2023-06-26,Paid Social,63100.68,6770364
2023-07-03,Paid Social,139789.86,14749320
2023-07-10,Paid Social,104510.01,10580109
2023-07-17,Paid Social,76705.01,8339690
2023-07-24,Paid Social,98648.48,11091588
2023-07-31,Paid Social,123203.16,12582066
2023-08-07,Paid Social,102808.79,10717270
2023-08-14,Paid Social,76933.67,7422191
2023-08-21,Paid Social,97742.99,9708268
2023-08-28,Paid Social,116738.25,11928621
2023-09-04,Paid Social,86768.99,9220434
2023-09-11,Paid Social,109825.59,11362361
2023-09-18,Paid Social,83121.47,8568728
2023-09-25,Paid Social,83482.48,9194016
2023-10-02,Paid Social,87675.25,9756172
2023-10-09,Paid Social,95889.09,10131821
2023-10-16,Paid Social,83096.26,8576685
2023-10-23,Paid Social,104621.86,11193195
2023-10-30,Paid Social,94929.32,9989989
2023-11-06,Paid Social,89091.28,10022305
2023-11-13,Paid Social,77293.07,8140703
2023-11-20,Paid Social,79880.67,8939588
2023-11-27,Paid Social,97224.79,10310362
2023-12-04,Paid Social,84769.89,8994937
2023-12-11,Paid Social,111674.1,10447897
2023-12-18,Paid Social,88398.65,8660421
2023-12-25,Paid Social,69924.67,7999011
2024-01-01,Paid Social,114459.33,13257466
2024-01-08,Paid Social,162885.82,16258012
2024-01-15,Paid Social,74452.0,7348706
2024-01-22,Paid Social,108449.56,10363574
2024-01-29,Paid Social,150116.12,14817108
2024-02-05,Paid Social,113629.52,11819913
2024-02-12,Paid Social,167106.91,16619961
2024-02-19,Paid Social,80435.91,8717515
2024-02-26,Paid Social,88651.0,9350709
2024-03-04,Paid Social,61563.45,6666315
2024-03-11,Paid Social,70672.91,7546953
2024-03-18,Paid Social,64156.71,7015115
2024-03-25,Paid Social,136736.8,14336538
2024-04-01,Paid Social,51234.77,5283266
2024-04-08,Paid Social,114027.97,13081716
2024-04-15,Paid Social,132516.55,14306742
2024-04-22,Paid Social,111720.38,11781785
2024-04-29,Paid Social,127451.74,14379124
2024-05-06,Paid Social,60792.8,6518308
2024-05-13,Paid Social,109509.65,11979771
2024-05-20,Paid Social,119844.23,11567922
2024-05-27,Paid Social,90167.23,9324548
2024-06-03,Paid Social,63048.46,6513974
2024-06-10,Paid Social,98241.94,10929990
2024-06-17,Paid Social,155570.08,16497329
2024-06-24,Paid Social,76961.47,7974017
2024-07-01,Paid Social,60169.98,6192280
2024-07-08,Paid Social,66623.76,7109075
2024-07-15,Paid Social,93320.35,9853732
2024-07-22,Paid Social,94576.14,9589324
2024-07-29,Paid Social,156970.3,15650776
2024-08-05,Paid Social,62779.53,6804642
2024-08-12,Paid Social,134200.75,13996028
2024-08-19,Paid Social,78689.32,8455917
2024-08-26,Paid Social,178091.48,18857218
2024-09-02,Paid Social,156283.57,16548211
2024-09-09,Paid Social,90258.91,8525201
2024-09-16,Paid Social,72485.55,7896774
2024-09-23,Paid Social,87329.14,8641837
2024-09-30,Paid Social,88619.61,9276156
2024-10-07,Paid Social,68487.24,7465481
2024-10-14,Paid Social,72623.95,7083809
2024-10-21,Paid Social,99522.75,10498050
2024-10-28,Paid Social,104903.41,11267658
2024-11-04,Paid Social,130822.89,13564946
2024-11-11,Paid Social,64196.93,6164060
2024-11-18,Paid Social,121977.63,12546673
2024-11-25,Paid Social,91065.57,10276661
2024-12-02,Paid Social,114622.12,11521835
2024-12-09,Paid Social,124383.88,12897642
2024-12-16,Paid Social,119315.74,11971875
2024-12-23,Paid Social,53213.78,5424074
2024-12-30,Paid Social,104276.21,11177095
2025-01-06,Paid Social,74041.25,7397787
2025-01-13,Paid Social,107973.7,10899537
2025-01-20,Paid Social,154543.59,16160715
2025-01-27,Paid Social,135971.74,15445340
2025-02-03,Paid Social,101578.32,10737002
2025-02-10,Paid Social,114200.66,12108792
2025-02-17,Paid Social,102241.92,10860737
2025-02-24,Paid Social,89337.51,10223317
2025-03-03,Paid Social,75492.82,8219365
2025-03-10,Paid Social,109017.78,11584244
2025-03-17,Paid Social,117798.0,12083532
2025-03-24,Paid Social,60041.1,6647448
2025-03-31,Paid Social,159345.85,15925053
2025-04-07,Paid Social,142888.83,15844128
2025-04-14,Paid Social,118886.63,12519889
2025-04-21,Paid Social,89916.69,8613921
2025-04-28,Paid Social,121430.94,12391658
2025-05-05,Paid Social,118841.62,12988925
2025-05-12,Paid Social,85112.59,9183928
2025-05-19,Paid Social,82686.05,8266944
2025-05-26,Paid Social,149655.61,14015444
2025-06-02,Paid Social,90784.1,10051441
2025-06-09,Paid Social,140430.4,15543808
2025-06-16,Paid Social,60698.24,6246058
2025-06-23,Paid Social,64642.51,7115818
2025-06-30,Paid Social,57379.77,5816258
2025-07-07,Paid Social,92092.21,9859288
2025-07-14,Paid Social,85893.24,8720345
2025-07-21,Paid Social,53303.93,5381479
2025-07-28,Paid Social,128440.47,12623851
2025-08-04,Paid Social,114469.49,13021121
2025-08-11,Paid Social,76261.74,8981958
2025-08-18,Paid Social,86081.45,8928279
2025-08-25,Paid Social,68778.56,7093537
2025-09-01,Paid Social,98497.84,10752628
2025-09-08,Paid Social,150032.17,16771730
2025-09-15,Paid Social,117596.67,12135508
2025-09-22,Paid Social,120693.78,12335752
2025-09-29,Paid Social,58942.25,5907623
2025-10-06,Paid Social,80875.13,8164432
2025-10-13,Paid Social,74352.86,7747279
2025-10-20,Paid Social,93344.8,10442555
2025-10-27,Paid Social,102231.59,10278993
2025-11-03,Paid Social,99480.36,10733907
2025-11-10,Paid Social,112090.16,10645710
2025-11-17,Paid Social,140892.08,14900483
2025-11-24,Paid Social,139718.06,14579171
2025-12-01,Paid Social,142345.17,14994901
2025-12-08,Paid Social,124972.01,13451367
2025-12-15,Paid Social,95710.66,9855286
2025-12-22,Paid Social,80342.16,8112170
2023-01-02,Display,49793.4,11384209
2023-01-09,Display,38659.85,9321326
2023-01-16,Display,65851.94,15805927
2023-01-23,Display,38737.28,8845265
2023-01-30,Display,128569.52,30175735
2023-02-06,Display,97210.11,23346183
2023-02-13,Display,40377.38,10889379
2023-02-20,Display,45297.08,11257180
2023-02-27,Display,62087.21,14842406
2023-03-06,Display,35235.84,9071159
2023-03-13,Display,48146.54,12186743
2023-03-20,Display,42556.38,11118823
2023-03-27,Display,62464.15,16489017
2023-04-03,Display,35700.98,8982455
2023-04-10,Display,32179.54,7351347
2023-04-17,Display,66774.46,16498573
2023-04-24,Display,29004.53,6990052
2023-05-01,Display,109984.51,27715144
2023-05-08,Display,35945.01,8976455
2023-05-15,Display,57460.18,15218429
2023-05-22,Display,93920.52,24147135
2023-05-29,Display,44865.28,11402289
2023-06-05,Display,34482.32,8783336
2023-06-12,Display,62106.01,16685257
2023-06-19,Display,42563.27,10866736
2023-06-26,Display,55223.76,14779368
2023-07-03,Display,39467.92,10033821
2023-07-10,Display,56999.85,13925679
2023-07-17,Display,25991.88,6329500
2023-07-24,Display,72726.61,17977622
2023-07-31,Display,71409.0,17177670
2023-08-07,Display,43715.91,11568598
2023-08-14,Display,52372.62,13481683
2023-08-21,Display,30473.8,7839960
2023-08-28,Display,44006.71,11759966
2023-09-04,Display,34140.37,8600418
2023-09-11,Display,44663.96,11422707
2023-09-18,Display,125279.53,31928477
2023-09-25,Display,47216.96,11264972
2023-10-02,Display,26424.35,6665744
2023-10-09,Display,27096.35,6676017
2023-10-16,Display,68698.45,17115169
2023-10-23,Display,56135.27,14598877
2023-10-30,Display,80107.21,20123666
2023-11-06,Display,31894.08,7445308
2023-11-13,Display,47633.83,12654890
2023-11-20,Display,68767.5,17721288
2023-11-27,Display,81238.83,19940707
2023-12-04,Display,66074.26,16719145
2023-12-11,Display,56645.99,13036779
2023-12-18,Display,70147.05,19136482
2023-12-25,Display,37004.77,9624605
2024-01-01,Display,62652.02,13966804
2024-01-08,Display,48198.87,12025026
2024-01-15,Display,37709.93,9721431
2024-01-22,Display,39034.47,10401328
2024-01-29,Display,72627.47,17631783
2024-02-05,Display,48523.55,12465559
2024-02-12,Display,51732.34,13280169
2024-02-19,Display,56036.5,14331702
2024-02-26,Display,75917.3,19140583
2024-03-04,Display,58970.23,14498559
2024-03-11,Display,30298.85,7144225
2024-03-18,Display,47084.31,11943109
2024-03-25,Display,47998.4,11278774
2024-04-01,Display,60887.71,15112367
2024-04-08,Display,53233.56,13516317
2024-04-15,Display,61993.53,16948878
2024-04-22,Display,49948.26,12596836
2024-04-29,Display,77427.34,19040866
2024-05-06,Display,51817.47,13505874
2024-05-13,Display,33621.22,8435146
2024-05-20,Display,95010.63,24113972
2024-05-27,Display,49134.37,13618239
2024-06-03,Display,27345.6,7124838
2024-06-10,Display,41548.51,11003281
2024-06-17,Display,56382.85,12795291
2024-06-24,Display,32545.43,7862152
2024-07-01,Display,48510.55,12944147
2024-07-08,Display,49391.74,13197601
2024-07-15,Display,47129.75,10141811
2024-07-22,Display,41131.88,9952340
2024-07-29,Display,60867.59,14463338
2024-08-05,Display,48051.08,12749690
2024-08-12,Display,47155.94,11542057
2024-08-19,Display,40782.86,10198732
2024-08-26,Display,56296.04,13153678
2024-09-02,Display,40162.24,10356670
2024-09-09,Display,43787.12,11662611
2024-09-16,Display,63368.44,15826145
2024-09-23,Display,33800.87,8319919
2024-09-30,Display,63839.94,15434227
2024-10-07,Display,68320.19,17210844
2024-10-14,Display,71602.42,17722001
2024-10-21,Display,41270.74,9811484
2024-10-28,Display,41712.94,11443900
2024-11-04,Display,64353.73,15839864
2024-11-11,Display,57312.08,14295501
2024-11-18,Display,62243.05,15223323
2024-11-25,Display,112644.73,31167129
2024-12-02,Display,77410.45,20762521
2024-12-09,Display,145990.36,33822857
2024-12-16,Display,106622.29,28889047
2024-12-23,Display,82870.65,21439224
2024-12-30,Display,62697.99,16490501
2025-01-06,Display,75954.15,20056344
2025-01-13,Display,56769.68,14103582
2025-01-20,Display,46146.74,10490057
2025-01-27,Display,48014.57,11130092
2025-02-03,Display,49243.64,12052621
2025-02-10,Display,79346.67,17964630
2025-02-17,Display,51274.39,13562021
2025-02-24,Display,43453.63,10640725
2025-03-03,Display,52230.67,12862516
2025-03-10,Display,49242.98,13054775
2025-03-17,Display,50572.9,13194506
2025-03-24,Display,53906.01,13461779
2025-03-31,Display,35152.65,9786590
2025-04-07,Display,46992.53,11060779
2025-04-14,Display,37000.76,8551423
2025-04-21,Display,50407.77,13394710
2025-04-28,Display,43298.94,10748987
2025-05-05,Display,51122.7,13361544
2025-05-12,Display,58607.64,15484582
2025-05-19,Display,35980.56,8301663
2025-05-26,Display,65980.21,14945207
2025-06-02,Display,107958.49,29444682
2025-06-09,Display,105121.87,27856110
2025-06-16,Display,41755.64,9467842
2025-06-23,Display,38920.27,10323997
2025-06-30,Display,28387.24,7362795
2025-07-07,Display,46289.28,12272830
2025-07-14,Display,32142.76,7930343
2025-07-21,Display,39741.82,9729463
2025-07-28,Display,58537.44,15919563
2025-08-04,Display,43256.34,10701392
2025-08-11,Display,36162.18,9346309
2025-08-18,Display,70818.38,17206093
2025-08-25,Display,42648.73,10884632
2025-09-01,Display,31450.98,7972040
2025-09-08,Display,33175.7,7706192
2025-09-15,Display,39930.3,10219666
2025-09-22,Display,85197.99,20850598
2025-09-29,Display,92496.01,21995506
2025-10-06,Display,34699.87,8846788
2025-10-13,Display,74523.75,19294257
2025-10-20,Display,66177.96,16743137
2025-10-27,Display,76019.39,18381945
2025-11-03,Display,41472.6,9976477
2025-11-10,Display,50750.63,12738102
2025-11-17,Display,68164.61,17259888
2025-11-24,Display,51201.32,13353729
2025-12-01,Display,48016.25,11928185
2025-12-08,Display,82392.02,22219128
2025-12-15,Display,65913.64,16301811
2025-12-22,Display,57489.2,13676795
2023-01-02,Affiliate,36616.67,2961403
2023-01-09,Affiliate,39909.14,3224116
2023-01-16,Affiliate,57220.14,4307275
2023-01-23,Affiliate,76618.38,6157792
2023-01-30,Affiliate,41653.5,3628976
2023-02-06,Affiliate,59915.85,5126359
2023-02-13,Affiliate,56699.68,5026352
2023-02-20,Affiliate,25972.19,2023711
2023-02-27,Affiliate,74092.76,6536693
2023-03-06,Affiliate,49906.69,4541468
2023-03-13,Affiliate,34291.73,2759530
2023-03-20,Affiliate,59989.26,4921949
2023-03-27,Affiliate,30753.87,2569661
2023-04-03,Affiliate,24374.69,1996744
2023-04-10,Affiliate,37343.08,3076213
2023-04-17,Affiliate,28597.83,2459106
2023-04-24,Affiliate,51642.92,4244660
2023-05-01,Affiliate,39705.53,3111432
2023-05-08,Affiliate,45768.78,4205902
2023-05-15,Affiliate,65360.1,5353955
2023-05-22,Affiliate,28171.87,2276690
2023-05-29,Affiliate,42877.07,3487878
2023-06-05,Affiliate,37476.01,2978037
2023-06-12,Affiliate,50961.41,4295732
2023-06-19,Affiliate,34211.91,2638640
2023-06-26,Affiliate,56976.59,4937896
2023-07-03,Affiliate,41647.28,3771609
2023-07-10,Affiliate,32838.75,2507178
2023-07-17,Affiliate,36436.12,2857621
2023-07-24,Affiliate,39291.56,3015807
2023-07-31,Affiliate,38526.17,3285532
2023-08-07,Affiliate,37138.21,2901507
2023-08-14,Affiliate,82532.26,6851161
2023-08-21,Affiliate,36845.74,2915225
2023-08-28,Affiliate,37086.02,2893265
2023-09-04,Affiliate,34688.92,2841455
2023-09-11,Affiliate,60570.51,4795418
2023-09-18,Affiliate,48491.15,4382895
2023-09-25,Affiliate,45309.95,3494491
2023-10-02,Affiliate,36173.11,3255409
2023-10-09,Affiliate,68312.12,5879793
2023-10-16,Affiliate,41542.94,3680389
2023-10-23,Affiliate,30781.45,2593778
2023-10-30,Affiliate,56872.91,4533515
2023-11-06,Affiliate,37333.25,3439883
2023-11-13,Affiliate,79798.53,6964364
2023-11-20,Affiliate,88119.35,6957524
2023-11-27,Affiliate,68859.72,5753059
2023-12-04,Affiliate,51389.01,4369626
2023-12-11,Affiliate,57057.85,4817787
2023-12-18,Affiliate,62065.43,5265378
2023-12-25,Affiliate,67491.34,5798050
2024-01-01,Affiliate,54802.92,4669382
2024-01-08,Affiliate,65167.12,5227129
2024-01-15,Affiliate,62510.4,5395932
2024-01-22,Affiliate,34498.13,2849788
2024-01-29,Affiliate,65555.55,5152821
2024-02-05,Affiliate,41543.94,3409410
2024-02-12,Affiliate,73739.25,6239062
2024-02-19,Affiliate,77473.47,6702049
2024-02-26,Affiliate,53083.84,4317843
2024-03-04,Affiliate,63946.49,5667512
2024-03-11,Affiliate,34058.34,2703223
2024-03-18,Affiliate,65040.29,4964679
2024-03-25,Affiliate,41034.93,3896592
2024-04-01,Affiliate,50590.95,4088339
2024-04-08,Affiliate,41621.5,3701983
2024-04-15,Affiliate,55745.16,4693500
2024-04-22,Affiliate,43336.23,3921970
2024-04-29,Affiliate,83933.59,7000949
2024-05-06,Affiliate,46415.95,4256397
2024-05-13,Affiliate,38157.45,3273946
2024-05-20,Affiliate,41219.35,3637158
2024-05-27,Affiliate,44047.37,3985209
2024-06-03,Affiliate,48146.19,4008475
2024-06-10,Affiliate,57851.42,4372033
2024-06-17,Affiliate,59585.54,4786535
2024-06-24,Affiliate,69117.57,5368709
2024-07-01,Affiliate,29978.3,2455188
2024-07-08,Affiliate,63941.91,5069359
2024-07-15,Affiliate,48720.42,4094630
2024-07-22,Affiliate,44885.44,3311136
2024-07-29,Affiliate,43367.72,3550590
2024-08-05,Affiliate,41375.97,3605761
2024-08-12,Affiliate,57832.48,4569750
2024-08-19,Affiliate,41721.64,3660452
2024-08-26,Affiliate,48871.46,4095261
2024-09-02,Affiliate,42887.15,3540416
2024-09-09,Affiliate,36133.84,2935302
2024-09-16,Affiliate,68096.62,5425337
2024-09-23,Affiliate,22848.38,1804033
2024-09-30,Affiliate,50821.84,4250615
2024-10-07,Affiliate,52987.64,4101283
2024-10-14,Affiliate,60482.82,4931276
2024-10-21,Affiliate,52035.91,4066511
2024-10-28,Affiliate,34233.85,2716557
2024-11-04,Affiliate,50166.5,4144574
2024-11-11,Affiliate,65749.51,5375497
2024-11-18,Affiliate,39376.41,3332879
2024-11-25,Affiliate,34786.98,3054996
2024-12-02,Affiliate,34460.07,3060664
2024-12-09,Affiliate,85695.88,7034035
2024-12-16,Affiliate,42882.4,4017838
2024-12-23,Affiliate,62994.29,5118008
2024-12-30,Affiliate,70784.71,5901450
2025-01-06,Affiliate,80009.53,6589927
2025-01-13,Affiliate,46662.11,3477086
2025-01-20,Affiliate,61275.38,4854019
2025-01-27,Affiliate,70931.55,6014403
2025-02-03,Affiliate,65439.87,5244145
2025-02-10,Affiliate,49569.28,4208867
2025-02-17,Affiliate,69995.49,6031058
2025-02-24,Affiliate,31456.58,2453806
2025-03-03,Affiliate,44870.36,3769792
2025-03-10,Affiliate,46789.63,3797610
2025-03-17,Affiliate,64445.96,5164252
2025-03-24,Affiliate,47340.62,3962657
2025-03-31,Affiliate,40670.54,3464241
2025-04-07,Affiliate,33919.55,3004304
2025-04-14,Affiliate,28147.92,2289980
2025-04-21,Affiliate,66559.97,5325149
2025-04-28,Affiliate,49617.56,3877458
2025-05-05,Affiliate,42136.05,3502567
2025-05-12,Affiliate,85515.3,7309503
2025-05-19,Affiliate,44265.61,3781137
2025-05-26,Affiliate,59351.94,4539833
2025-06-02,Affiliate,53429.16,4108987
2025-06-09,Affiliate,57477.29,4939529
2025-06-16,Affiliate,42693.6,3506746
2025-06-23,Affiliate,71118.58,5619633
2025-06-30,Affiliate,51721.62,4300472
2025-07-07,Affiliate,32231.93,2847402
2025-07-14,Affiliate,69128.16,5415451
2025-07-21,Affiliate,44564.74,3851859
2025-07-28,Affiliate,47554.44,4147058
2025-08-04,Affiliate,55804.86,4745199
2025-08-11,Affiliate,41774.21,3577076
2025-08-18,Affiliate,59703.04,5153069
2025-08-25,Affiliate,29978.85,2607967
2025-09-01,Affiliate,39348.22,3292317
2025-09-08,Affiliate,40402.34,3297436
2025-09-15,Affiliate,30689.7,2655204
2025-09-22,Affiliate,64786.85,5434569
2025-09-29,Affiliate,48935.38,4532579
2025-10-06,Affiliate,56141.28,4787719
2025-10-13,Affiliate,76294.04,6618008
2025-10-20,Affiliate,95786.15,7864207
2025-10-27,Affiliate,51295.32,4128861
2025-11-03,Affiliate,56754.43,4745868
2025-11-10,Affiliate,48967.78,4050693
2025-11-17,Affiliate,49041.73,3862714
2025-11-24,Affiliate,61607.91,5201554
2025-12-01,Affiliate,49302.66,4314106
2025-12-08,Affiliate,77759.53,6476800
2025-12-15,Affiliate,86180.45,7400481
2025-12-22,Affiliate,54917.98,4503477
2023-01-02,Email / CRM,5948.77,3826874
2023-01-09,Email / CRM,15184.9,10298180
2023-01-16,Email / CRM,12816.37,8365140
2023-01-23,Email / CRM,13886.71,9013912
2023-01-30,Email / CRM,8847.0,5893404
2023-02-06,Email / CRM,9938.62,7057220
2023-02-13,Email / CRM,16753.1,11785283
2023-02-20,Email / CRM,13765.48,9375741
2023-02-27,Email / CRM,12928.48,8915092
2023-03-06,Email / CRM,17755.31,12423073
2023-03-13,Email / CRM,10427.49,6976430
2023-03-20,Email / CRM,8098.61,5302032
2023-03-27,Email / CRM,11284.65,7864086
2023-04-03,Email / CRM,6713.93,4280541
2023-04-10,Email / CRM,11072.94,7922775
2023-04-17,Email / CRM,17452.87,11392154
2023-04-24,Email / CRM,12118.48,8450493
2023-05-01,Email / CRM,10407.64,6200478
2023-05-08,Email / CRM,26560.95,17549654
2023-05-15,Email / CRM,9653.81,5882629
2023-05-22,Email / CRM,12660.95,7596389
2023-05-29,Email / CRM,12259.42,8882250
2023-06-05,Email / CRM,10881.22,7489029
2023-06-12,Email / CRM,9275.51,6084232
2023-06-19,Email / CRM,17486.32,11795229
2023-06-26,Email / CRM,9551.97,6417427
2023-07-03,Email / CRM,15526.76,10152923
2023-07-10,Email / CRM,21919.01,16803130
2023-07-17,Email / CRM,12051.4,7612294
2023-07-24,Email / CRM,10633.32,7281934
2023-07-31,Email / CRM,13749.11,9117898
2023-08-07,Email / CRM,11901.37,8242807
2023-08-14,Email / CRM,13361.18,8435799
2023-08-21,Email / CRM,14396.28,9771990
2023-08-28,Email / CRM,16730.6,11086320
2023-09-04,Email / CRM,17695.05,11276937
2023-09-11,Email / CRM,18771.83,11731378
2023-09-18,Email / CRM,11615.5,7651837
2023-09-25,Email / CRM,7141.96,4902462
2023-10-02,Email / CRM,16735.62,10842763
2023-10-09,Email / CRM,12787.53,8821786
2023-10-16,Email / CRM,7802.13,5476620
2023-10-23,Email / CRM,14104.4,9651775
2023-10-30,Email / CRM,17033.01,11121210
2023-11-06,Email / CRM,14825.87,9832748
2023-11-13,Email / CRM,9371.85,6409780
2023-11-20,Email / CRM,15908.08,10001189
2023-11-27,Email / CRM,15246.82,9797838
2023-12-04,Email / CRM,16609.01,11429788
2023-12-11,Email / CRM,35985.7,25018958
2023-12-18,Email / CRM,17419.23,12086969
2023-12-25,Email / CRM,14798.99,10918712
2024-01-01,Email / CRM,19942.41,14188391
2024-01-08,Email / CRM,10684.8,7051482
2024-01-15,Email / CRM,14280.89,9792037
2024-01-22,Email / CRM,6937.52,4806937
2024-01-29,Email / CRM,12644.65,7961573
2024-02-05,Email / CRM,10335.33,7791817
2024-02-12,Email / CRM,12531.66,8741640
2024-02-19,Email / CRM,7795.29,5511846
2024-02-26,Email / CRM,11591.78,7934539
2024-03-04,Email / CRM,10895.9,7451759
2024-03-11,Email / CRM,12042.05,7755768
2024-03-18,Email / CRM,7653.11,5498321
2024-03-25,Email / CRM,9352.72,5952869
2024-04-01,Email / CRM,14024.61,9515787
2024-04-08,Email / CRM,13679.74,8686754
2024-04-15,Email / CRM,11378.43,7611760
2024-04-22,Email / CRM,14120.83,8688991
2024-04-29,Email / CRM,9233.9,6196861
2024-05-06,Email / CRM,13629.94,9377098
2024-05-13,Email / CRM,25181.42,16807998
2024-05-20,Email / CRM,11698.11,7434319
2024-05-27,Email / CRM,17069.53,11119193
2024-06-03,Email / CRM,9035.46,6353437
2024-06-10,Email / CRM,10881.43,6254716
2024-06-17,Email / CRM,8897.27,6151004
2024-06-24,Email / CRM,13183.21,7749666
2024-07-01,Email / CRM,10976.24,7247454
2024-07-08,Email / CRM,10436.92,6853080
2024-07-15,Email / CRM,12992.32,8426693
2024-07-22,Email / CRM,9772.9,6273264
2024-07-29,Email / CRM,14039.25,8625617
2024-08-05,Email / CRM,9619.44,6303019
2024-08-12,Email / CRM,11067.14,7543808
2024-08-19,Email / CRM,8210.66,5035582
2024-08-26,Email / CRM,8099.47,5322976
2024-09-02,Email / CRM,21117.95,14518535
2024-09-09,Email / CRM,9420.29,6302514
2024-09-16,Email / CRM,20373.09,13009673
2024-09-23,Email / CRM,14189.47,9487077
2024-09-30,Email / CRM,10871.79,7130344
2024-10-07,Email / CRM,10557.41,6809903
2024-10-14,Email / CRM,10741.83,7162336
2024-10-21,Email / CRM,16007.45,11259366
2024-10-28,Email / CRM,12218.15,8212359
2024-11-04,Email / CRM,16296.18,11005484
2024-11-11,Email / CRM,10172.38,6867176
2024-11-18,Email / CRM,10756.92,6891233
2024-11-25,Email / CRM,8312.01,5759738
2024-12-02,Email / CRM,20295.55,13114793
2024-12-09,Email / CRM,14105.69,8866512
2024-12-16,Email / CRM,10340.0,6867335
2024-12-23,Email / CRM,15271.11,10109420
2024-12-30,Email / CRM,15747.43,10495057
2025-01-06,Email / CRM,8275.04,5150088
2025-01-13,Email / CRM,11525.68,6995562
2025-01-20,Email / CRM,10785.38,6690835
2025-01-27,Email / CRM,26521.36,16399094
2025-02-03,Email / CRM,11354.15,7862281
2025-02-10,Email / CRM,14094.0,10321829
2025-02-17,Email / CRM,9585.92,6323202
2025-02-24,Email / CRM,13490.4,8696093
2025-03-03,Email / CRM,6209.92,4194598
2025-03-10,Email / CRM,9744.53,6726265
2025-03-17,Email / CRM,9670.32,6005154
2025-03-24,Email / CRM,15561.76,9962373
2025-03-31,Email / CRM,14830.77,9705764
2025-04-07,Email / CRM,12142.38,8300755
2025-04-14,Email / CRM,16016.53,11549403
2025-04-21,Email / CRM,9855.62,6426957
2025-04-28,Email / CRM,9609.62,6547913
2025-05-05,Email / CRM,17824.97,11934359
2025-05-12,Email / CRM,14833.46,10041303
2025-05-19,Email / CRM,6968.41,4368001
2025-05-26,Email / CRM,18175.29,11830775
2025-06-02,Email / CRM,10396.37,6969417
2025-06-09,Email / CRM,7960.28,5640596
2025-06-16,Email / CRM,14501.79,9938325
2025-06-23,Email / CRM,7623.13,5318754
2025-06-30,Email / CRM,14758.19,9482789
2025-07-07,Email / CRM,10906.98,7588749
2025-07-14,Email / CRM,8897.32,5663338
2025-07-21,Email / CRM,11356.86,7413380
2025-07-28,Email / CRM,7399.09,4874232
2025-08-04,Email / CRM,7192.45,5117743
2025-08-11,Email / CRM,7301.89,5044204
2025-08-18,Email / CRM,12496.52,8117071
2025-08-25,Email / CRM,9354.32,6831206
2025-09-01,Email / CRM,12679.67,8258299
2025-09-08,Email / CRM,13683.05,8498982
2025-09-15,Email / CRM,14210.61,9393271
2025-09-22,Email / CRM,7839.21,5571223
2025-09-29,Email / CRM,14375.11,10060042
2025-10-06,Email / CRM,11409.78,7742294
2025-10-13,Email / CRM,23538.35,13824782
2025-10-20,Email / CRM,12885.49,9268256
2025-10-27,Email / CRM,11003.45,8083944
2025-11-03,Email / CRM,10620.61,7715172
2025-11-10,Email / CRM,12417.22,8264456
2025-11-17,Email / CRM,10816.43,6934878
2025-11-24,Email / CRM,9479.01,6200754
2025-12-01,Email / CRM,14879.17,9585796
2025-12-08,Email / CRM,9959.95,6631921
2025-12-15,Email / CRM,17488.55,12100688
2025-12-22,Email / CRM,10154.25,6053580
2023-01-02,Direct Mail,92774.46,153055
2023-01-09,Direct Mail,33430.84,53112
2023-01-16,Direct Mail,21742.48,34498
2023-01-23,Direct Mail,24161.12,37453
2023-01-30,Direct Mail,110269.64,166724
2023-02-06,Direct Mail,69302.16,107499
2023-02-13,Direct Mail,36576.07,58230
2023-02-20,Direct Mail,27057.47,40476
2023-02-27,Direct Mail,69585.81,109808
2023-03-06,Direct Mail,16878.1,25422
2023-03-13,Direct Mail,17024.99,27237
2023-03-20,Direct Mail,17286.23,24049
2023-03-27,Direct Mail,76002.26,115697
2023-04-03,Direct Mail,18029.05,27327
2023-04-10,Direct Mail,17933.09,27293
2023-04-17,Direct Mail,20829.36,29776
2023-04-24,Direct Mail,57769.24,89056
2023-05-01,Direct Mail,29710.41,43964
2023-05-08,Direct Mail,24118.27,33851
2023-05-15,Direct Mail,23067.72,33010
2023-05-22,Direct Mail,71669.81,117968
2023-05-29,Direct Mail,37737.91,61231
2023-06-05,Direct Mail,27833.76,45610
2023-06-12,Direct Mail,27389.17,40248
2023-06-19,Direct Mail,124126.36,194953
2023-06-26,Direct Mail,28924.38,46889
2023-07-03,Direct Mail,24145.84,39607
2023-07-10,Direct Mail,21833.71,34843
2023-07-17,Direct Mail,82629.9,137470
2023-07-24,Direct Mail,26782.38,42962
2023-07-31,Direct Mail,19698.23,30349
2023-08-07,Direct Mail,20716.28,33167
2023-08-14,Direct Mail,81094.29,124753
2023-08-21,Direct Mail,23032.73,36689
2023-08-28,Direct Mail,18514.92,29014
2023-09-04,Direct Mail,31927.46,48008
2023-09-11,Direct Mail,49464.69,77025
2023-09-18,Direct Mail,27709.64,42089
2023-09-25,Direct Mail,14847.23,24981
2023-10-02,Direct Mail,27438.66,40834
2023-10-09,Direct Mail,94575.43,144164
2023-10-16,Direct Mail,45745.49,67646
2023-10-23,Direct Mail,15187.17,23117
2023-10-30,Direct Mail,17521.69,28386
2023-11-06,Direct Mail,120963.94,173227
2023-11-13,Direct Mail,24777.74,38344
2023-11-20,Direct Mail,29431.56,44672
2023-11-27,Direct Mail,29694.09,47280
2023-12-04,Direct Mail,188729.26,300098
2023-12-11,Direct Mail,32494.65,48653
2023-12-18,Direct Mail,24457.2,41553
2023-12-25,Direct Mail,40484.2,65608
2024-01-01,Direct Mail,130539.44,206807
2024-01-08,Direct Mail,18474.1,28380
2024-01-15,Direct Mail,12084.7,18133
2024-01-22,Direct Mail,40423.46,61130
2024-01-29,Direct Mail,109038.4,156838
2024-02-05,Direct Mail,45258.87,63922
2024-02-12,Direct Mail,27489.5,42172
2024-02-19,Direct Mail,20912.06,34523
2024-02-26,Direct Mail,80364.43,124661
2024-03-04,Direct Mail,10396.59,16084
2024-03-11,Direct Mail,21364.18,33917
2024-03-18,Direct Mail,21918.59,35313
2024-03-25,Direct Mail,96109.39,145158
2024-04-01,Direct Mail,23671.44,34445
2024-04-08,Direct Mail,25812.4,39882
2024-04-15,Direct Mail,20452.95,36567
2024-04-22,Direct Mail,69501.42,105097
2024-04-29,Direct Mail,34003.14,52541
2024-05-06,Direct Mail,20651.19,28757
2024-05-13,Direct Mail,23468.34,35200
2024-05-20,Direct Mail,129919.13,203847
2024-05-27,Direct Mail,14896.16,23997
2024-06-03,Direct Mail,22755.51,36748
2024-06-10,Direct Mail,25291.56,36638
2024-06-17,Direct Mail,59813.9,90651
2024-06-24,Direct Mail,31586.07,47303
2024-07-01,Direct Mail,21339.64,33289
2024-07-08,Direct Mail,26228.63,40828
2024-07-15,Direct Mail,156140.08,245086
2024-07-22,Direct Mail,21498.28,32486
2024-07-29,Direct Mail,25823.42,40351
2024-08-05,Direct Mail,12932.93,18445
2024-08-12,Direct Mail,51440.92,81960
2024-08-19,Direct Mail,19575.79,30317
2024-08-26,Direct Mail,36639.08,57298
2024-09-02,Direct Mail,13446.94,20046
2024-09-09,Direct Mail,71329.44,99884
2024-09-16,Direct Mail,31867.63,50697
2024-09-23,Direct Mail,42827.84,62412
2024-09-30,Direct Mail,31138.77,51597
2024-10-07,Direct Mail,73881.15,119182
2024-10-14,Direct Mail,14433.55,21485
2024-10-21,Direct Mail,33073.86,50487
2024-10-28,Direct Mail,30910.89,45799
2024-11-04,Direct Mail,87242.92,133318
2024-11-11,Direct Mail,25663.94,38634
2024-11-18,Direct Mail,28994.65,45923
2024-11-25,Direct Mail,30637.86,48803
2024-12-02,Direct Mail,133431.29,195707
2024-12-09,Direct Mail,28416.83,40996
2024-12-16,Direct Mail,35116.7,53065
2024-12-23,Direct Mail,54035.27,85987
2024-12-30,Direct Mail,109523.79,174668
2025-01-06,Direct Mail,49030.29,77097
2025-01-13,Direct Mail,42842.29,65039
2025-01-20,Direct Mail,28949.5,42682
2025-01-27,Direct Mail,84535.23,128847
2025-02-03,Direct Mail,37083.34,52216
2025-02-10,Direct Mail,20321.77,33577
2025-02-17,Direct Mail,20732.98,30451
2025-02-24,Direct Mail,95951.18,145297
2025-03-03,Direct Mail,26767.47,40676
2025-03-10,Direct Mail,23173.21,35980
2025-03-17,Direct Mail,14960.84,22435
2025-03-24,Direct Mail,93912.84,148470
2025-03-31,Direct Mail,21189.52,35342
2025-04-07,Direct Mail,28364.62,45896
2025-04-14,Direct Mail,25552.1,37664
2025-04-21,Direct Mail,100072.61,155960
2025-04-28,Direct Mail,28249.04,45628
2025-05-05,Direct Mail,12643.32,19289
2025-05-12,Direct Mail,14893.69,23996
2025-05-19,Direct Mail,84949.74,149522
2025-05-26,Direct Mail,25672.9,39854
2025-06-02,Direct Mail,43948.83,69858
2025-06-09,Direct Mail,19063.4,30444
2025-06-16,Direct Mail,140944.94,206559
2025-06-23,Direct Mail,28650.32,45102
2025-06-30,Direct Mail,27229.88,43217
2025-07-07,Direct Mail,22079.46,34018
2025-07-14,Direct Mail,84007.48,124997
2025-07-21,Direct Mail,24046.33,41162
2025-07-28,Direct Mail,15744.45,23025
2025-08-04,Direct Mail,37145.81,57014
2025-08-11,Direct Mail,74128.99,108030
2025-08-18,Direct Mail,28720.82,43088
2025-08-25,Direct Mail,40647.02,63121
2025-09-01,Direct Mail,14725.25,23580
2025-09-08,Direct Mail,74169.49,111250
2025-09-15,Direct Mail,17356.9,27099
2025-09-22,Direct Mail,19851.59,29662
2025-09-29,Direct Mail,36718.48,61511
2025-10-06,Direct Mail,54831.31,84564
2025-10-13,Direct Mail,20459.83,30840
2025-10-20,Direct Mail,26520.65,36961
2025-10-27,Direct Mail,25329.91,34305
2025-11-03,Direct Mail,77856.86,117127
2025-11-10,Direct Mail,25769.4,42034
2025-11-17,Direct Mail,42568.05,58455
2025-11-24,Direct Mail,41392.01,59640
2025-12-01,Direct Mail,83588.0,123936
2025-12-08,Direct Mail,29577.66,43559
2025-12-15,Direct Mail,37413.74,59233
2025-12-22,Direct Mail,33469.98,48797
2023-01-02,Podcast,41012.05,1603845
2023-01-09,Podcast,36933.07,1471180
2023-01-16,Podcast,20997.33,785927
2023-01-23,Podcast,27317.16,1033378
2023-01-30,Podcast,17068.68,703622
2023-02-06,Podcast,0.0,0
2023-02-13,Podcast,0.0,0
2023-02-20,Podcast,0.0,0
2023-02-27,Podcast,18584.29,802793
2023-03-06,Podcast,22292.84,794791
2023-03-13,Podcast,30095.85,1293283
2023-03-20,Podcast,37591.77,1516868
2023-03-27,Podcast,20439.38,840242
2023-04-03,Podcast,0.0,0
2023-04-10,Podcast,0.0,0
2023-04-17,Podcast,0.0,0
2023-04-24,Podcast,25091.36,1070331
2023-05-01,Podcast,48408.84,1858125
2023-05-08,Podcast,24410.2,951960
2023-05-15,Podcast,27078.82,1064823
2023-05-22,Podcast,17603.83,703281
2023-05-29,Podcast,0.0,0
2023-06-05,Podcast,0.0,0
2023-06-12,Podcast,0.0,0
2023-06-19,Podcast,20675.11,759330
2023-06-26,Podcast,17664.21,704998
2023-07-03,Podcast,26790.96,1126001
2023-07-10,Podcast,24913.28,996910
2023-07-17,Podcast,37214.93,1381089
2023-07-24,Podcast,0.0,0
2023-07-31,Podcast,0.0,0
2023-08-07,Podcast,0.0,0
2023-08-14,Podcast,36010.48,1506400
2023-08-21,Podcast,36094.53,1408963
2023-08-28,Podcast,18011.93,707779
2023-09-04,Podcast,23396.77,1003876
2023-09-11,Podcast,32548.74,1262779
2023-09-18,Podcast,0.0,0
2023-09-25,Podcast,0.0,0
2023-10-02,Podcast,0.0,0
2023-10-09,Podcast,22241.62,867971
2023-10-16,Podcast,27856.31,1122858
2023-10-23,Podcast,27583.06,1156377
2023-10-30,Podcast,26007.04,1057156
2023-11-06,Podcast,36972.69,1498331
2023-11-13,Podcast,0.0,0
2023-11-20,Podcast,0.0,0
2023-11-27,Podcast,0.0,0
2023-12-04,Podcast,31045.55,1228635
2023-12-11,Podcast,35798.65,1441946
2023-12-18,Podcast,49325.12,1908989
2023-12-25,Podcast,41637.96,1686434
2024-01-01,Podcast,24989.92,1011284
2024-01-08,Podcast,0.0,0
2024-01-15,Podcast,0.0,0
2024-01-22,Podcast,0.0,0
2024-01-29,Podcast,32502.38,1331871
2024-02-05,Podcast,21774.6,811808
2024-02-12,Podcast,22095.31,890810
2024-02-19,Podcast,25212.2,990057
2024-02-26,Podcast,25224.25,981146
2024-03-04,Podcast,0.0,0
2024-03-11,Podcast,0.0,0
2024-03-18,Podcast,0.0,0
2024-03-25,Podcast,26040.92,1106202
2024-04-01,Podcast,22643.35,930979
2024-04-08,Podcast,26161.95,1153241
2024-04-15,Podcast,51021.23,1991937
2024-04-22,Podcast,46415.79,1641028
2024-04-29,Podcast,0.0,0
2024-05-06,Podcast,0.0,0
2024-05-13,Podcast,0.0,0
2024-05-20,Podcast,27177.23,1035836
2024-05-27,Podcast,27910.15,1096093
2024-06-03,Podcast,29778.66,1196692
2024-06-10,Podcast,26989.37,1094400
2024-06-17,Podcast,36935.28,1498434
2024-06-24,Podcast,0.0,0
2024-07-01,Podcast,0.0,0
2024-07-08,Podcast,0.0,0
2024-07-15,Podcast,14750.85,617618
2024-07-22,Podcast,49752.12,2044889
2024-07-29,Podcast,23017.54,930590
2024-08-05,Podcast,17252.23,690132
2024-08-12,Podcast,38741.7,1665843
2024-08-19,Podcast,0.0,0
2024-08-26,Podcast,0.0,0
2024-09-02,Podcast,0.0,0
2024-09-09,Podcast,35001.24,1418728
2024-09-16,Podcast,29911.57,1164692
2024-09-23,Podcast,17063.41,656466
2024-09-30,Podcast,40135.28,1582496
2024-10-07,Podcast,17461.64,698626
2024-10-14,Podcast,0.0,0
2024-10-21,Podcast,0.0,0
2024-10-28,Podcast,0.0,0
2024-11-04,Podcast,26906.69,988796
2024-11-11,Podcast,31155.04,1272943
2024-11-18,Podcast,30759.04,1314884
2024-11-25,Podcast,17474.49,717539
2024-12-02,Podcast,45379.25,1652662
2024-12-09,Podcast,0.0,0
2024-12-16,Podcast,0.0,0
2024-12-23,Podcast,0.0,0
2024-12-30,Podcast,15641.13,594458
2025-01-06,Podcast,26588.29,1056754
2025-01-13,Podcast,23039.92,935047
2025-01-20,Podcast,25064.12,989855
2025-01-27,Podcast,26721.2,1169293
2025-02-03,Podcast,0.0,0
2025-02-10,Podcast,0.0,0
2025-02-17,Podcast,0.0,0
2025-02-24,Podcast,26752.24,1076512
2025-03-03,Podcast,23348.13,936573
2025-03-10,Podcast,17398.78,656732
2025-03-17,Podcast,18379.37,731365
2025-03-24,Podcast,35993.5,1429329
2025-03-31,Podcast,0.0,0
2025-04-07,Podcast,0.0,0
2025-04-14,Podcast,0.0,0
2025-04-21,Podcast,36150.44,1447128
2025-04-28,Podcast,30912.55,1297824
2025-05-05,Podcast,39492.52,1618936
2025-05-12,Podcast,32573.5,1219605
2025-05-19,Podcast,20790.87,852979
2025-05-26,Podcast,0.0,0
2025-06-02,Podcast,0.0,0
2025-06-09,Podcast,0.0,0
2025-06-16,Podcast,24771.33,992278
2025-06-23,Podcast,30097.12,1150288
2025-06-30,Podcast,28863.36,1214878
2025-07-07,Podcast,17956.8,685415
2025-07-14,Podcast,19841.94,759335
2025-07-21,Podcast,0.0,0
2025-07-28,Podcast,0.0,0
2025-08-04,Podcast,0.0,0
2025-08-11,Podcast,28416.2,1084610
2025-08-18,Podcast,30622.7,1234726
2025-08-25,Podcast,34394.02,1279690
2025-09-01,Podcast,23393.5,897982
2025-09-08,Podcast,25420.87,1003758
2025-09-15,Podcast,0.0,0
2025-09-22,Podcast,0.0,0
2025-09-29,Podcast,0.0,0
2025-10-06,Podcast,33569.85,1329693
2025-10-13,Podcast,27138.77,1140507
2025-10-20,Podcast,31299.07,1270251
2025-10-27,Podcast,36381.91,1405501
2025-11-03,Podcast,31583.84,1257133
2025-11-10,Podcast,0.0,0
2025-11-17,Podcast,0.0,0
2025-11-24,Podcast,0.0,0
2025-12-01,Podcast,28128.97,1086255
2025-12-08,Podcast,42770.38,1689275
2025-12-15,Podcast,59644.7,2218809
2025-12-22,Podcast,33893.75,1364892
