CHANNEL,WEEKLY_SPEND,REVENUE,REVENUE_P05,REVENUE_P95,MARGINAL_ROI,WITHIN_OBSERVED_RANGE
Paid Search,0.0,0.0,0.0,0.0,8.259025914239963,TRUE
Paid Search,6316.044588607594,52069.449364595705,25373.21165333613,89623.63683210913,8.214011358464864,TRUE
Paid Search,12632.089177215188,103574.88255987824,50607.76964319053,177874.23760143592,8.081149772465984,TRUE
Paid Search,18948.133765822786,153979.3271935486,75568.04515621327,263461.6463554415,7.86674195020653,TRUE
Paid Search,25264.178354430376,202796.9059098231,100129.65835838408,345846.23978929996,7.580521764718696,TRUE
Paid Search,31580.22294303797,249611.5073225864,124141.38498196316,424620.7153325497,7.234665720265394,TRUE
Paid Search,37896.26753164557,294088.7036943511,147422.96454454758,498923.447750682,6.842675454634495,TRUE
Paid Search,44212.31212025316,335980.669043695,169918.32690292405,568215.2616304213,6.418304585135128,TRUE
Paid Search,50528.35670886075,375124.8116232606,191540.44283484024,632210.5458093463,5.974658089429614,TRUE
Paid Search,56844.40129746834,411437.4606442631,212450.14414062607,689065.4515266801,5.52353339991129,TRUE
Paid Search,63160.44588607594,444904.2032598149,232878.38944696076,739158.2073839627,5.075016987048463,TRUE
Paid Search,69476.49047468354,475568.4183245955,252447.33232164907,783486.1225397907,4.637310005413995,TRUE
Paid Search,75792.53506329113,503519.3080590968,270730.16068065376,822404.4127424267,4.2167346726833514,TRUE
Paid Search,82108.57965189872,528880.3966263263,287193.5220678566,857154.8396847505,3.817866744324407,TRUE
Paid Search,88424.62424050632,551799.1285923464,302442.7864965368,886337.76728731,3.4437436080269186,TRUE
Paid Search,94740.66882911391,572437.9099062898,316603.4005027905,912211.5231442092,3.0961070695633146,TRUE
Paid Search,101056.7134177215,590966.7105166671,329707.52453146555,934547.682316546,2.775650999800527,TRUE
Paid Search,107372.7580063291,607557.192679886,341795.0926972563,953760.4443292216,2.482254315862113,TRUE
Paid Search,113688.80259493669,622378.2333439102,352982.581072009,970235.3327679238,2.215188168384362,TRUE
Paid Search,120004.84718354428,635592.6594632751,363324.11723471433,985457.8253998432,1.9732924219777948,TRUE
Paid Search,126320.89177215188,647354.9983426597,372536.8289767354,999897.0907490128,1.7551207302357072,TRUE
Paid Search,132636.9363607595,657810.0496269612,381063.3351480992,1012385.875423638,1.5590561008063497,TRUE
Paid Search,138952.98094936708,667092.102453152,388852.6554783053,1023047.0439727992,1.3834002386247328,TRUE
Paid Search,145269.02553797467,675324.6441811628,395937.06469727773,1032189.426666285,1.2264405207028222,TRUE
Paid Search,151585.07012658226,682620.4317891307,402369.21660658374,1037783.3341342614,1.0864984929850854,TRUE
Paid Search,157901.11471518985,689081.8208533715,409389.7787484722,1041553.8964510164,0.9619635096229404,TRUE
Paid Search,164217.15930379744,694801.2686100457,417367.23969222966,1044638.4123146008,0.8513147106238297,TRUE
Paid Search,170533.20389240503,699861.9462782085,424882.5903643677,1047194.5693924552,0.7531340548047722,TRUE
Paid Search,176849.24848101265,704338.4114758405,430639.6206182032,1049311.901373339,0.6661126517728418,TRUE
Paid Search,183165.29306962024,708297.3043349903,434548.8154721657,1051065.0783118056,0.5890522025504016,TRUE
Paid Search,189481.33765822783,711798.0411224328,440134.9744694348,1052516.2758581422,0.5208629788677094,TRUE
Paid Search,195797.38224683545,714893.4871603511,445399.6595636536,1053717.198562737,0.4605594503434104,TRUE
Paid Search,202113.426835443,717630.5969846747,448205.2082002305,1054710.7972059925,0.4072544046032489,TRUE
Paid Search,208429.4714240506,720051.0143180621,450413.81975409633,1055532.719280867,0.3601521923416823,TRUE
Paid Search,214745.5160126582,722191.6278718266,452509.515767597,1056212.5292475638,0.3185415605150636,TRUE
Paid Search,221061.56060126575,724085.0814829561,454646.41511741007,1057058.9021668285,0.2817884051579335,TRUE
Paid Search,227377.60518987337,725760.2388519709,456565.470202204,1057863.633326085,0.2493286740572832,TRUE
Paid Search,233693.649778481,727242.6043476823,458288.11014826654,1058541.518999322,0.2206615727708734,TRUE
Paid Search,240009.69436708855,728554.7021242778,459833.8110929559,1059112.492265676,0.1953431701579667,TRUE
Paid Search,246325.73895569617,729716.4162635468,461220.2428651813,1059593.371840579,0.1729804574742042,TRUE
Paid Search,252641.78354430376,730745.2948951678,462463.4112980386,1059998.3433686737,0.1532258847144309,TRUE
Paid Search,258957.82813291135,731656.8213258749,463577.7946407898,1060339.367896021,0.1357723764951853,TRUE
Paid Search,265273.872721519,732464.6551736356,464576.4730340064,1060626.5280786415,0.1203488151555118,TRUE
Paid Search,271589.91731012653,733180.8463926372,465471.2504062152,1060868.3212924558,0.1067159692000289,TRUE
Paid Search,277905.96189873415,733816.0249166692,466272.7684589552,1061071.907558078,0.0946628393780331,TRUE
Paid Search,284222.0064873417,734379.5684623999,466990.61264434806,1061243.319083177,0.0840033915629317,TRUE
Paid Search,290538.05107594933,734879.7508346474,467633.41021788307,1061387.637249368,0.0745736443885774,TRUE
Paid Search,296854.0956645569,735323.8728731663,468208.9205801444,1061509.1420201226,0.0662290797264118,TRUE
Paid Search,303170.1402531645,735718.3779817539,468724.1182140963,1061611.4380095832,0.0588423451119266,TRUE
Paid Search,309486.18484177213,736068.9539901869,469185.2685871446,1061697.560817358,0.0523012188279453,TRUE
Paid Search,315802.2294303797,736380.6229204811,469597.99742609466,1061770.0666895478,0.0465068102903611,TRUE
Paid Search,322118.2740189873,736657.8200627859,469967.353793708,1061831.108100174,0.0413719704905949,TRUE
Paid Search,328434.3186075949,736904.463613607,470297.86740221025,1061882.497449578,0.0368198894094458,TRUE
Paid Search,334750.3631962025,737124.015989997,470593.6005953683,1061925.7607379132,0.0327828594479247,TRUE
Paid Search,341066.40778481006,737319.5378075318,470858.19541946816,1061962.182784292,0.0292011859683163,FALSE
Paid Search,347382.4523734177,737493.7353966287,471094.9161869184,1061992.8453182266,0.0260222279695822,FALSE
Paid Search,353698.4969620253,737649.0026303024,471306.6879160553,1062018.6590633097,0.0231995537162916,FALSE
Paid Search,360014.54155063286,737787.4577458226,471529.7329293644,1062040.3907581768,0.0206921977909027,FALSE
Paid Search,366330.5861392405,737910.9757621926,471745.8052014318,1062058.6859118694,0.0184640075439722,FALSE
Paid Search,372646.630727848,738021.217023668,471941.07797440543,1062074.0879657462,0.0164830682791467,FALSE
Paid Search,378962.67531645566,738119.6523362562,472117.5967933001,1062087.054428537,0.0147211977361555,FALSE
Paid Search,385278.7199050632,738207.5851079567,472277.20344367984,1062097.9704620708,0.0131535015339474,FALSE
Paid Search,391594.7644936709,738286.1708540937,472421.556304978,1062107.1603200403,0.0117579822170936,FALSE
Paid Search,397910.8090822784,738356.4343853602,472875.9848392401,1062114.8969788002,0.0105151954214917,FALSE
Paid Search,404226.853670886,738419.2849577816,473529.53335436253,1062121.410245753,0.0094079474501125,FALSE
Paid Search,410542.8982594936,738475.529629944,474137.9806232392,1062126.8935858454,0.0084210292355594,FALSE
Paid Search,416858.9428481012,738525.8850430548,474704.3909783189,1062131.5098687368,0.0075409822725779,FALSE
Paid Search,423174.9874367088,738570.9878132449,475231.6271523858,1062135.396207224,0.006755892638791,FALSE
Paid Search,429491.0320253164,738611.4037024978,475722.6753893171,1062138.6680305717,0.0060552096935925,FALSE
Paid Search,435807.076613924,738647.6357144426,476192.3176381123,1062141.4225137015,0.0054295864603848,FALSE
Paid Search,442123.1212025315,738680.1312434507,476605.6920258788,1062143.7414640856,0.0048707390626248,FALSE
Paid Search,448439.1657911392,738709.2883899428,476641.1691371677,1062145.693752085,0.0043713229052111,FALSE
Paid Search,454755.21037974674,738735.4615411407,476673.1036163973,1062147.3373569378,0.0039248235747964,FALSE
Paid Search,461071.2549683544,738758.9663044751,476701.8598464456,1062148.7210891668,0.0035254606802526,FALSE
Paid Search,467387.299556962,738780.0838703562,476727.7638214783,1062149.8860405877,0.0031681030718811,FALSE
Paid Search,473703.34414556954,738799.0648717344,476751.107264608,1062150.8668049923,0.0028481940686803,FALSE
Paid Search,480019.3887341771,738816.132799806,476772.1512985738,1062151.692505778,0.0025616854902956,FALSE
Paid Search,486335.4333227847,738831.4870280415,476791.1297182428,1062152.3876610503,0.0023049794370336,FALSE
Paid Search,492651.47791139234,738845.3054904874,476808.2519084146,1062152.9729119127,0.0020748768900346,FALSE
Paid Search,498967.5225,738857.7470548009,476823.7054456626,1062153.465635575,0.0018685323165847,FALSE
Connected TV,0.0,0.0,0.0,0.0,3.950701607508644,TRUE
Connected TV,1766.4956962025317,6978.256977441846,4118.784255022352,10483.550773091836,3.949614171487628,TRUE
Connected TV,3532.9913924050634,13952.674814787671,8235.082219060536,20960.63970001451,3.946356551728953,TRUE
Connected TV,5299.487088607595,20919.430894315978,12346.413806393126,31424.821079389127,3.940942742977168,TRUE
Connected TV,7065.982784810127,27874.735396550743,16450.31130873439,41869.681412065656,3.933395838286233,TRUE
Connected TV,8832.478481012658,34814.84709143205,20544.325501530573,52288.85528468992,3.923747689910426,TRUE
Connected TV,10598.97417721519,41736.08842271515,24626.031652194073,62676.04099453237,3.912038450399752,TRUE
Connected TV,12365.469873417722,48634.859686530384,28693.03539898172,73025.01583315806,3.8983160086392847,TRUE
Connected TV,14131.965569620254,55507.65213362338,32742.978470392885,83329.6509497242,3.882635338308875,TRUE
Connected TV,15898.461265822783,62351.05985740363,36783.67424136138,93577.50255293076,3.865057778049125,TRUE
Connected TV,17664.956962025317,69161.79036489004,40852.64307755861,103768.77046116065,3.845650263466048,TRUE
Connected TV,19431.45265822785,75936.67376326189,44916.279466637854,113915.24223401918,3.8244845310241273,TRUE
Connected TV,21197.94835443038,82672.67052944508,48977.057860587265,123947.94506046096,3.801636312961496,TRUE
Connected TV,22964.444050632912,89366.87786263341,53031.99324397794,133950.5617488883,3.7771845407506945,TRUE
Connected TV,24730.939746835444,96016.5346487774,57080.61182898372,143877.1492439299,3.751210572493014,TRUE
Connected TV,26497.435443037975,102619.02509109932,61122.442934267725,153722.7172258719,3.723797457153695,TRUE
Connected TV,28263.931139240507,109171.88108117036,65157.01920699753,163476.8195732909,3.695029245893471,TRUE
Connected TV,30030.42683544304,115672.78340083352,69183.87684120897,172997.40167937233,3.664990358087646,TRUE
Connected TV,31796.92253164557,122119.56185639845,73181.47467682758,182257.92356454505,3.633765007078925,TRUE
Connected TV,33563.4182278481,128510.1944533508,77032.11813570246,191374.13936342008,3.6014366883849385,TRUE
Connected TV,35329.913924050634,134842.8057227854,80849.55694547623,200341.26912299945,3.5680877310464596,TRUE
Connected TV,37096.409620253165,141115.66431042537,84632.45917435446,209154.95841085128,3.5337989110952255,TRUE
Connected TV,38862.9053164557,147327.17993602905,88379.54969470309,217806.70596005808,3.4986491247551204,TRUE
Connected TV,40629.40101265823,153475.89982581127,92198.61061012796,226251.84755171704,3.4627151179575053,TRUE
Connected TV,42395.89670886076,159560.50471378554,96033.81755177016,234528.0674732462,3.426071268026963,TRUE
Connected TV,44162.39240506329,165579.8045001725,99859.78982240864,243062.80804144623,3.388789412942069,TRUE
Connected TV,45928.888101265824,171532.73364668275,103665.45106892932,250656.61019504096,3.3509387233564407,TRUE
Connected TV,47695.383797468356,177418.34637992195,107449.82028230996,258991.32480101552,3.31258561253509,TRUE
Connected TV,49461.87949367089,183235.81176569237,111212.2467685729,267284.8652731342,3.273793679478845,TRUE
Connected TV,51228.37518987342,188984.4087088064,114952.0970893922,275438.84039365844,3.2346236807364512,TRUE
Connected TV,52994.87088607595,194663.52092532863,118729.08895862778,283444.4427101148,3.1951335267062206,TRUE
Connected TV,54761.36658227848,200272.63192705423,122501.1062803868,291318.78857471765,3.1553782985782486,TRUE
Connected TV,56527.862278481014,205811.32005156192,126255.60499479668,299060.47368363757,3.1154102824402794,TRUE
Connected TV,58294.357974683546,211279.25356536216,129992.1344449324,306668.2970504796,3.0752790174479925,TRUE
Connected TV,60060.85367088608,216676.18586252892,133720.28173110186,314141.25660809333,3.0350313553289743,TRUE
Connected TV,61827.34936708861,222001.95077667368,137277.95109740747,321140.4840671436,2.994711528840239,TRUE
Connected TV,63593.84506329114,227256.45802022555,141061.94673397098,328679.5411246169,2.9543612271245197,TRUE
Connected TV,65360.34075949367,232439.6887616088,144762.9339321531,335728.71673820814,2.9140196762082184,TRUE
Connected TV,67126.8364556962,237551.69134803995,148398.9961811711,341543.200080316,2.8737237231507593,TRUE
Connected TV,68893.33215189874,242592.57717926928,152014.30163545377,348483.6157190685,2.8335079225924784,TRUE
Connected TV,70659.82784810127,247562.51673553756,155608.96207792987,354429.49812759866,2.7934046246562603,TRUE
Connected TV,72426.3235443038,252461.7357613612,159186.73223041496,360991.42450818885,2.7534440633390314,TRUE
Connected TV,74192.81924050633,257290.5116053623,162728.9766282984,368856.7460576348,2.7136544446850723,TRUE
Connected TV,75959.31493670886,262049.16971523105,165424.81868742677,375255.2791119658,2.674062034166423,TRUE
Connected TV,77725.8106329114,266738.08028599643,168059.46142019352,381837.05392058106,2.6346912428088456,TRUE
Connected TV,79492.30632911393,271357.6550590577,171154.7238931996,388353.0419402445,2.595564711697321,TRUE
Connected TV,81258.80202531646,275908.3442688442,174535.14998687975,394389.7468510926,2.5567033945753113,TRUE
Connected TV,83025.29772151899,280390.6337335387,177927.88655656407,400277.75427358545,2.518126638318971,TRUE
Connected TV,84791.79341772152,284805.0420859586,180860.08597842223,405933.2429070886,2.47985226112314,TRUE
Connected TV,86558.28911392405,289152.1181404395,184009.8232664698,411459.7721502266,2.441896628282045,TRUE
Connected TV,88324.78481012658,293432.4383914012,187126.73239913187,416858.58684938855,2.4042747254854917,TRUE
Connected TV,90091.28050632912,297646.6046391623,190215.34165784088,422050.056041526,2.367000229582579,TRUE
Connected TV,91857.77620253163,301795.24173849553,193282.70644556457,427949.6337081725,2.330085576790177,TRUE
Connected TV,93624.27189873418,305878.99546542356,196224.26243983256,432519.1064228772,2.293542028344218,TRUE
Connected TV,95390.76759493673,309898.5304977296,198503.09668168973,437769.57233341207,2.257379733608411,TRUE
Connected TV,97157.26329113924,313854.5285047285,200728.53336865272,444477.9208825858,2.221607790668382,TRUE
Connected TV,98923.75898734176,317747.68634188385,203007.85764554577,451046.2168179772,2.186234304449946,TRUE
Connected TV,100690.2546835443,321578.71434593375,205268.18931851207,455416.6843914461,2.151266442408592,TRUE
Connected TV,102456.75037974684,325348.33472629247,207217.5378881925,459398.8039187481,2.1167104878437906,TRUE
Connected TV,104223.24607594936,329057.2800485692,209114.63635967593,463213.72615401424,2.0825718908968365,TRUE
Connected TV,105989.7417721519,332706.2918061809,210960.42633137485,468411.35057719896,2.048855317294578,TRUE
Connected TV,107756.23746835443,336296.119076121,213782.36710949865,473773.7476316416,2.0155646949042385,TRUE
Connected TV,109522.73316455696,339827.51725508936,216780.10020614407,478479.59537353256,1.982703258166284,TRUE
Connected TV,111289.2288607595,343301.2468722838,219216.35773054537,484131.8310357954,1.9502735904735329,TRUE
Connected TV,113055.72455696204,346718.07247529225,220996.70496337055,490183.65341309656,1.918277664565243,TRUE
Connected TV,114822.22025316456,350078.7615856382,223456.3838832249,496024.8620333269,1.886716881005049,TRUE
Connected TV,116588.71594936708,353384.08372065716,225412.0775570049,499176.6879754284,1.8555921048113224,FALSE
Connected TV,118355.21164556962,356634.8094784958,227006.24480164945,504019.0387511463,1.8249037003079431,FALSE
Connected TV,120121.70734177215,359831.7096831529,228589.90258961992,508776.22134159703,1.7946515642626224,FALSE
Connected TV,121888.20303797469,362975.55458659946,230130.6154948155,513391.6964200819,1.7648351573788417,FALSE
Connected TV,123654.69873417722,366067.11312511534,231628.96298764297,519353.1972581967,1.735453534206212,FALSE
Connected TV,125421.19443037976,369107.15222712065,233085.8480229542,524452.8894352511,1.7065053715327645,FALSE
Connected TV,127187.69012658228,372096.4361698577,234562.7247698201,527941.0604138892,1.6779889953211042,FALSE
Connected TV,128954.1858227848,375035.7259824241,237516.5360921254,531200.8651963411,1.64990240624892,FALSE
Connected TV,130720.68151898736,377925.77889272606,238484.32982144607,535239.0000676695,1.6222433039125517,FALSE
Connected TV,132487.17721518988,380767.34781605226,238992.2085287654,539293.3046914192,1.5950091097508905,FALSE
Connected TV,134253.6729113924,383561.1808830494,239779.6575844886,543268.196621544,1.5681969887449136,FALSE
Connected TV,136020.16860759494,386308.0210049968,241073.23976352625,547245.7334813634,1.541803869946671,FALSE
Connected TV,137786.66430379747,389008.6054743359,242524.1582171927,551242.6197703191,1.515826465889678,FALSE
Connected TV,139553.16,391663.6655985543,243298.5882335386,557256.6310264461,1.4902612909309891,FALSE
Paid Social,0.0,0.0,0.0,0.0,2.38736844142008,TRUE
Paid Social,3919.172300389483,9348.53923900615,1632.3072651880088,27304.60559842906,2.3812763893637405,TRUE
Paid Social,7838.344600778967,18649.63675955825,3263.3223886090627,54415.83694928363,2.363236579364499,TRUE
Paid Social,11757.51690116845,27857.670284833264,4891.757317406775,81145.75941147532,2.333932875957542,TRUE
Paid Social,15676.689201557934,36930.46591550021,6516.332149076567,107316.99558683726,2.294426298423038,TRUE
Paid Social,19595.861501947416,45830.58425162596,8135.779138284582,132767.23131501756,2.2460532597887126,TRUE
Paid Social,23515.0338023369,54526.17564034676,9748.846622538314,157352.88007639645,2.190310566658398,TRUE
Paid Social,27434.206102726384,62991.387964507776,11354.302841109826,180951.75426972524,2.128744713225627,TRUE
Paid Social,31353.37840311587,71206.37129180967,12950.939622823009,203464.67813432915,2.0628585445354597,TRUE
Paid Social,35272.55070350535,79156.96310671921,14537.57591978945,224816.06042058792,1.9940422321586304,TRUE
Paid Social,39191.72300389483,86834.15341618995,16113.061165888674,244927.4180240206,1.923529764102735,TRUE
Paid Social,43110.89530428432,94233.4250703492,17676.27844070813,263788.4486344518,1.8523780596657369,TRUE
Paid Social,47030.0676046738,101354.04855501663,19227.213231372352,280725.2729306083,1.7814637068391144,TRUE
Paid Social,50949.23990506329,108198.3895532639,20765.795991601717,293274.9498429273,1.7114918566673176,TRUE
Paid Social,54868.41220545277,114771.26706465616,22289.686784727972,306946.65162239305,1.6430123982313136,TRUE
Paid Social,58787.58450584226,121079.38277588792,23797.974092385903,322390.2419673994,1.5764396069044018,TRUE
Paid Social,62706.75680623174,127130.82971368734,25289.79040672608,336856.4291736239,1.5120725993690167,TRUE
Paid Social,66625.92910662122,132934.67976762875,26756.604821775472,348275.45734646526,1.4501149175278052,TRUE
Paid Social,70545.1014070107,138500.64465158602,28137.14327664037,358331.9119967738,1.3906923172303365,TRUE
Paid Social,74464.27370740019,143838.80234283692,29580.43678737801,367373.3745411849,1.33386835898866,TRUE
Paid Social,78383.44600778967,148959.38015974243,30963.880011831166,375521.0138805588,1.2796577277630474,TRUE
Paid Social,82302.61830817915,153872.58576216723,32328.27266275302,382846.2511228387,1.228037398305571,TRUE
Paid Social,86221.79060856864,158588.47802534528,33668.583290558716,389418.4344468752,1.1789558572149803,TRUE
Paid Social,90140.96290895811,163116.87064945276,34826.6008900858,395526.97947067034,1.132340628227208,TRUE
Paid Social,94060.1352093476,167467.26234343153,35912.80073161292,406950.383607984,1.0881043482821997,TRUE
Paid Social,97979.30750973707,171648.78836234764,36958.11486085529,412994.5417808576,1.0461496248901367,TRUE
Paid Social,101898.47981012658,175670.1890334724,38162.79322331506,417136.9744510213,1.006372880296912,TRUE
Paid Social,105817.65211051604,179539.79165835667,39384.75577753387,420818.54379569186,0.9686673607027232,TRUE
Paid Social,109736.82441090554,183265.50282450608,40583.17668359867,425656.3593102863,0.932925462408804,TRUE
Paid Social,113655.99671129504,186854.80870746716,41757.84649912241,430892.94484390016,0.8990405027238049,TRUE
Paid Social,117575.16901168451,190314.78140269627,42908.60098184663,437546.48241721606,0.866908042298348,TRUE
Paid Social,121494.341312074,193652.08970797303,44035.31947436607,441506.5983500604,0.8364268473236048,TRUE
Paid Social,125413.51361246347,196873.01309249777,45149.142144879595,444165.04455859266,0.807499564535197,TRUE
Paid Social,129332.68591285296,199983.45784836533,46253.230515164774,446473.9429294128,0.7800331689150228,TRUE
Paid Social,133251.85821324243,202988.97463280463,47334.41187639326,449591.91722528695,0.7539392330631562,TRUE
Paid Social,137171.03051363194,205894.7767831062,48392.62744112174,455983.92806735105,0.7291340581151612,TRUE
Paid Social,141090.2028140214,208705.758927209,49427.88191702756,462159.0089360758,0.7055386985304688,TRUE
Paid Social,145009.37511441088,211426.51552695528,50440.212566645634,467159.92057827185,0.6830789068324092,TRUE
Paid Social,148928.5474148004,214061.3590828305,51429.68765351911,470203.11249938863,0.661685019230657,TRUE
Paid Social,152847.71971518986,216614.3378024708,52036.284334747914,472002.5988342443,0.6412917988236676,TRUE
Paid Social,156766.89201557933,219089.2525936229,52871.51293170782,475322.4839413843,0.6218382496104059,TRUE
Paid Social,160686.06431596883,221489.67328837313,54016.2693845657,478168.36497695826,0.6032674117092472,TRUE
Paid Social,164605.2366163583,223818.95404151935,54956.49033606469,480855.50785429735,0.5855261458792469,TRUE
Paid Social,168524.40891674778,226080.24787392505,55758.3659694018,489818.8706584124,0.5685649135741528,TRUE
Paid Social,172443.58121713728,228276.520353044,56536.491180665194,493462.5641296936,0.5523375572563157,TRUE
Paid Social,176362.75351752675,230410.5624188875,57218.24736990497,494840.0340199724,0.5368010844921242,TRUE
Paid Social,180281.92581791623,232485.0023755516,57984.15863423944,495990.8559800134,0.5219154583893714,TRUE
Paid Social,184201.09811830573,234502.3170769014,58651.73330783539,497040.423360467,0.5076433961754913,FALSE
Paid Social,188120.2704186952,236464.84234085077,59297.5815223409,497997.66092514934,0.4939501771170411,FALSE
Paid Social,192039.4427190847,238374.7826304061,59922.197398117125,498870.723977802,0.4808034605142603,FALSE
Paid Social,195958.61501947415,240234.2200418083,60526.07895381071,499667.06031790574,0.4681731141449265,FALSE
Paid Social,199877.78731986365,242045.12264098923,61109.72682415035,500393.4680978805,0.4560310532579386,FALSE
Paid Social,203796.95962025315,243809.35218955207,61673.643046936006,501056.14967302186,0.4443510900121743,FALSE
Paid Social,207716.13192064263,245528.67130074353,62218.329920204415,501660.7615762757,0.433108793105935,FALSE
Paid Social,211635.3042210321,247204.7500646859,62744.28893006113,502212.46077892435,0.4222813572355032,FALSE
Paid Social,215554.4765214216,248839.17218055265,63252.019749196035,502646.4260148952,0.4118474819485164,FALSE
Paid Social,219473.64882181108,250433.4406315829,63694.08041914326,503009.5865711047,0.4017872594115789,FALSE
Paid Social,223392.82112220055,251988.9829368788,63905.79201059215,503338.09724870446,0.3920820705857231,FALSE
Paid Social,227311.99342259005,253507.156011932,64104.9587390161,503635.24777782,0.3827144892930691,FALSE
Paid Social,231231.16572297952,254989.2506677895,64292.2898785769,506536.1584865908,0.3736681936595487,FALSE
Paid Social,235150.33802336903,256436.49577677567,64468.4586512352,512814.84490340686,0.3649278844285986,FALSE
Paid Social,239069.5103237585,257850.06213073697,64634.10357037431,519017.5653947693,0.356479209657027,FALSE
Paid Social,242988.68262414797,259231.06601589025,64789.829797408944,525144.3175978985,0.3483086953247798,FALSE
Paid Social,246907.85492453747,260580.5725265799,64936.21050085039,531195.1301242963,0.3404036814136394,FALSE
Paid Social,250827.02722492695,261899.59863854563,65073.788208819205,534489.9184149739,0.3327522630348357,FALSE
Paid Social,254746.1995253164,263189.11606069846,65203.07614736569,537797.7440530979,0.325343236211228,FALSE
Paid Social,258665.37182570592,264450.0538829269,65324.559558184446,537962.906224955,0.3181660479455098,FALSE
Paid Social,262584.5441260954,265683.30103604787,65438.696990403216,538054.5683104566,0.3112107502312755,FALSE
Paid Social,266503.71642648487,266889.70857871586,65545.92156209829,541683.2009273429,0.3044679576884437,FALSE
Paid Social,270422.8887268744,268070.09182492073,65646.64218804601,541790.4584549179,0.2979288085281885,FALSE
Paid Social,274342.0610272639,269225.23232457245,65749.21964043984,541840.017937891,0.2915849285750531,FALSE
Paid Social,278261.2333276533,270355.8797086627,65868.08606256252,541884.3496692948,0.2854283980951907,FALSE
Paid Social,282180.4056280428,271462.7534095369,65981.21265443385,541924.0048782667,0.2794517211996507,FALSE
Paid Social,286099.5779284323,272546.54426594864,66088.91974221016,543746.3400270116,0.2736477976103101,FALSE
Paid Social,290018.75022882177,273607.9160217721,66191.50953252346,545999.5811741778,0.2680098965934204,FALSE
Paid Social,293937.92252921127,274647.5067265025,66289.26705834498,546181.5699290972,0.2625316328818737,FALSE
Paid Social,297857.09482960077,275665.93004502566,66382.46108678679,547250.1200475134,0.2572069444222077,FALSE
Paid Social,301776.2671299902,276663.7764834954,66471.34498887254,551183.959744953,0.2520300717961196,FALSE
Paid Social,305695.4394303797,277641.6145376212,66556.15757155805,554897.6032582872,0.2469955391789635,FALSE
Paid Social,309614.6117307692,278599.99176912964,66637.12387249262,558536.3155842605,0.2420981367093284,FALSE
Display,0.0,0.0,0.0,0.0,2.8512346933434247,TRUE
Display,2217.5750886075944,6320.988669528189,2093.9713954554772,11878.866005392749,2.8487498476804674,TRUE
Display,4435.150177215189,12631.00368376921,4186.3755926836975,23731.968959817154,2.8413586866827223,TRUE
Display,6652.725265822783,18919.347715951433,6275.650082677076,35533.770103541894,2.8292449532311963,TRUE
Display,8870.300354430377,25175.84875970741,8360.241705077355,47259.175092320125,2.8126949155629744,TRUE
Display,11087.875443037972,31391.059954722707,10438.61124834957,58853.29177319643,2.792071585056497,TRUE
Display,13305.450531645563,37556.39768916286,12509.237961878269,70262.82634302363,2.7677856275117905,TRUE
Display,15523.02562025316,43664.21574577802,14570.62395211574,81482.03401619129,2.740267443087388,TRUE
Display,17740.600708860755,49707.82204144899,16621.298436156572,92482.34043700772,2.7099437373647124,TRUE
Display,19958.17579746835,55681.450135438405,18659.82182762995,103546.92795459669,2.6772203097796363,TRUE
Display,22175.750886075944,61580.19978867608,20684.789631565935,113992.09750964429,2.642471285528454,TRUE
Display,24393.32597468354,67399.96008067692,22694.83612687665,124066.5691663288,2.6060339527535734,TRUE
Display,26610.90106329113,73137.32604612877,24688.637817266645,134203.44346236673,2.568207833765223,TRUE
Display,28828.476151898725,78789.51658822507,26664.916633715296,144783.66530313954,2.5292565328192764,TRUE
Display,31046.05124050632,84354.29837600488,28622.44287412259,155029.24641319166,2.489411100245461,TRUE
Display,33263.62632911392,89829.91798340568,30560.037868243035,164377.76644287503,2.448873973163392,TRUE
Display,35481.20141772151,95215.04281368064,32476.5763586133,174155.0967427706,2.407822881213995,TRUE
Display,37698.7765063291,100508.71031276677,34370.988590773675,182847.10378257063,2.3664143789078644,TRUE
Display,39916.3515949367,105710.2844574666,36242.26210865549,192193.38940973204,2.3247868631670072,TRUE
Display,42133.92668354429,110819.4183412033,38089.44325352554,200665.3127244178,2.2830630594653516,TRUE
Display,44351.50177215189,115836.0217275839,39917.64449451733,208763.19472778248,2.241352027995618,TRUE
Display,46569.07686075948,120760.23259367008,41722.2564140763,216728.23915171213,2.1997507700635257,TRUE
Display,48786.65194936708,125592.39187120926,43501.3061132074,224237.0839081496,2.158345519619732,TRUE
Display,51004.22703797467,130333.02077495096,45254.10447729357,232171.15747424393,2.117212796746787,TRUE
Display,53221.80212658226,134982.80026310682,47114.78635573642,239861.13421448736,2.0764202864688195,TRUE
Display,55439.37721518986,139542.55229948543,48660.08150613391,247279.73414521583,2.036027591859426,TRUE
Display,57656.95230379745,144013.22268059943,50311.52824348085,254407.675870886,1.996086897375437,TRUE
Display,59874.52739240505,148395.86525832297,52042.66642957166,261965.7241494004,1.956643567580178,TRUE
Display,62092.10248101264,152691.62743482494,53917.80949725027,271165.53028995026,1.917736698102784,TRUE
Display,64309.67756962024,156901.73683671418,55787.56459418345,276994.93038046407,1.8793996295833584,TRUE
Display,66527.25265822784,161027.48909415855,57651.79052813243,282490.18141807005,1.8416604310929856,TRUE
Display,68744.82774683542,165070.23666174582,59510.3500857771,288361.70758916024,1.80454235668294,TRUE
Display,70962.40283544302,169031.37862383455,61363.10998655831,296655.17255662533,1.76806427693798,TRUE
Display,73179.97792405062,172912.3514300299,63209.94082894824,301584.821317702,1.73224108637614,TRUE
Display,75397.5530126582,176714.62050763957,65050.71702997311,304505.5352828651,1.697084087012661,TRUE
Display,77615.1281012658,180439.67269839768,66885.31675880426,308445.3641712542,1.6626013482085926,TRUE
Display,79832.7031898734,184089.00946699205,68713.62186521485,313294.93627260486,1.6287980429266615,TRUE
Display,82050.278278481,187664.1408293053,70535.5178036793,317940.72994205495,1.5956767606290811,TRUE
Display,84267.85336708858,191166.5799489832,72350.89355386219,323434.13946567714,1.5632377972137623,TRUE
Display,86485.42845569618,194597.838352009,74173.31217247485,329581.99279403285,1.5314794225595378,TRUE
Display,88703.00354430378,197959.4217104183,75992.942416785,335592.2913650342,1.5003981264142043,TRUE
Display,90920.57863291136,201252.8261480696,77342.64018115622,339922.59528041084,1.4699888434989836,TRUE
Display,93138.15372151896,204479.53502345993,78319.47705875686,346307.32193519804,1.4402451588141338,TRUE
Display,95355.72881012656,207641.0161468465,79258.8784972397,350731.7010473932,1.4111594942115104,TRUE
Display,97573.30389873416,210738.7193913646,80161.9387318573,357503.0165007668,1.3827232773523357,TRUE
Display,99790.87898734174,213774.07466035095,81029.75635783673,360031.60935331514,1.3549270941954643,TRUE
Display,102008.45407594934,216748.49017562196,81863.43014303458,363284.0557526067,1.3277608261663203,TRUE
Display,104226.02916455694,219663.35105399883,82664.0552242166,369797.0825850997,1.301213773143455,TRUE
Display,106443.60425316452,222520.01814187207,83432.71967349094,373175.09547811025,1.2752747633717656,TRUE
Display,108661.17934177212,225319.82708000217,84552.06475466081,376945.8062393401,1.249932251372345,TRUE
Display,110878.75443037972,228064.08757307977,85952.35150620305,383006.48462946794,1.2251744048714663,TRUE
Display,113096.32951898732,230754.08284078713,87336.93899521665,386382.1053346768,1.200989181717918,TRUE
Display,115313.9046075949,233391.06922917612,88553.63031684252,387703.6099930256,1.177364397701111,TRUE
Display,117531.4796962025,235976.27596314135,89072.26063728637,392200.1961663763,1.1542877861234495,TRUE
Display,119749.0547848101,238510.90502259825,89569.07502425899,394091.4996267196,1.1317470499211455,TRUE
Display,121966.6298734177,240996.131126662,90374.5894586049,400619.716019507,1.1097299070688835,TRUE
Display,124184.20496202528,243433.10181170577,91759.432906508,407109.34079469467,1.0882241299464035,TRUE
Display,126401.78005063288,245822.93759059507,93133.69962655328,413559.98655723786,1.067217579289752,TRUE
Display,128619.35513924048,248166.73218174544,94497.36298139388,419886.902043097,1.0466982332972363,TRUE
Display,130836.93022784806,250465.5527978344,95315.89341530034,425064.9109841593,1.026654212410149,TRUE
Display,133054.50531645567,252720.44048510943,95901.9638478817,427180.106853656,1.0070738002413224,TRUE
Display,135272.08040506326,254932.41050524107,96465.30624310506,433709.0916153264,0.9879454610808288,TRUE
Display,137489.65549367084,257102.45275256035,97006.6796173479,438841.29999237007,0.9692578543672644,TRUE
Display,139707.23058227843,259231.53220035016,97526.82775277508,440136.4402321426,0.950999846475445,TRUE
Display,141924.80567088604,261320.5893705978,98026.4786012662,445262.66128392017,0.9331605201365722,TRUE
Display,144142.38075949362,263370.5408222768,98506.34379064564,448805.9133671405,0.9157291817751184,TRUE
Display,146359.95584810124,265382.2796538276,98967.11822562233,452054.0562784404,0.8986953670174636,FALSE
Display,148577.53093670882,267356.6760160398,99409.47977611228,454946.2367519279,0.8820488446008266,FALSE
Display,150795.1060253164,269294.5776320202,99834.9821903368,457968.188469737,0.8657796188868001,FALSE
Display,153012.68111392402,271196.8103213581,100258.75501864812,460904.201027417,0.8498779311619044,FALSE
Display,155230.2562025316,273064.1785259817,100525.49378465809,463756.2497210626,0.8343342598877382,FALSE
Display,157447.8312911392,274897.4658355401,100583.48057812997,466378.8688148651,0.8191393200453264,FALSE
Display,159665.4063797468,276697.43551044585,100637.81935821928,468869.09321596264,0.8042840617021721,FALSE
Display,161882.98146835438,278464.83100098645,100688.7712752034,472421.18115546054,0.7897596679159342,FALSE
Display,164100.556556962,280200.37646114297,100736.57727346214,476519.0125197238,0.7755575520755794,FALSE
Display,166318.13164556958,281904.77725597634,100781.45970569969,480506.96120134374,0.7616693547691556,FALSE
Display,168535.70673417716,283578.7204616119,100823.62381877148,482329.3932172103,0.7480869402568452,FALSE
Display,170753.28182278475,285222.8753570329,100874.22195427176,483804.2757457528,0.7348023926185276,FALSE
Display,172970.85691139236,286837.89390702633,100935.19144754864,485124.9469067327,0.721808011636719,FALSE
Display,175188.43199999997,288424.4112357535,100994.03597076572,486681.3038899987,0.7090963084682887,FALSE
Affiliate,0.0,0.0,0.0,0.0,4.761194864770002,TRUE
Affiliate,2077.7612512171377,9886.166385047734,2905.82021078407,23124.241616512783,4.751875629314942,TRUE
Affiliate,4155.522502434275,19733.768518318175,5808.190167706566,46130.56070986666,4.724151368666378,TRUE
Affiliate,6233.283753651413,29505.20157556575,8703.67633363439,68888.57891881022,4.678707092965367,TRUE
Affiliate,8311.04500486855,39164.717253617295,11588.878431763078,91284.9445069754,4.616635342037102,TRUE
Affiliate,10388.806256085689,48679.203998869474,14460.445646039008,113211.7091735142,4.539368874867056,TRUE
Affiliate,12466.567507302823,58018.80984336787,17318.363882050093,134570.49992254635,4.448597906348298,TRUE
Affiliate,14544.328758519963,67157.38480740006,20184.346693020245,154308.05882021098,4.346180647968932,TRUE
Affiliate,16622.0900097371,76072.73773257376,23040.988588627333,174100.47122800132,4.234055413876347,TRUE
Affiliate,18699.85126095424,84746.71808170209,25887.01133232318,193223.32492480232,4.1141609763078995,TRUE
Affiliate,20777.612512171378,93165.14494556034,28721.15852330936,211525.65075404008,3.9883696997557343,TRUE
Affiliate,22855.37376338851,101317.61256163678,31542.19794158719,228970.01409988577,3.858435747491904,TRUE
Affiliate,24933.13501460565,109197.20432114018,34348.92376776973,245530.90384506903,3.7259587084367594,TRUE
Affiliate,27010.89626582279,116800.14636027868,37140.15866911268,261194.0454913027,3.5923615393854975,TRUE
Affiliate,29088.657517039926,124125.42849812476,39782.13930431247,275955.4996478824,3.458880806627014,TRUE
Affiliate,31166.418768257063,131174.41557666304,42154.63930607734,289770.6739592676,3.326566784784403,TRUE
Affiliate,33244.1800194742,137950.46707556324,44535.53058796105,302092.6900343079,3.1962909177117416,TRUE
Affiliate,35321.94127069134,144458.57786071923,47277.30169435049,311695.225619429,3.068758342372129,TRUE
Affiliate,37399.702521908475,150705.04848053062,50025.47361538807,320364.8329209538,2.9445235111838484,TRUE
Affiliate,39477.463773125615,156697.18974159405,52768.32402814179,330727.32434180897,2.824007336083349,TRUE
Affiliate,41555.225024342755,162443.06342166252,55505.63454321654,340681.7309775761,2.707514660499894,TRUE
Affiliate,43632.98627555989,167951.25886313926,58237.19638867295,349781.2320845189,2.59525120925009,TRUE
Affiliate,45710.74752677703,173230.7037341427,60962.81030103561,355697.3889418141,2.4873394547547627,TRUE
Affiliate,47788.50877799417,178290.5063253543,63682.28636585833,360006.2316736874,2.3838330669574375,TRUE
Affiliate,49866.2700292113,183139.82624863717,66395.44381273718,363799.57707339554,2.284729787351256,TRUE
Affiliate,51944.03128042844,187787.7702087485,69059.31744908351,367027.0476207924,2.1899826919340466,TRUE
Affiliate,54021.79253164558,192243.3095403389,71527.32353364298,374660.9153317928,2.09950989247122,TRUE
Affiliate,56099.55378286272,196515.2163651922,73584.9588500568,382145.5032531885,2.013202778839516,TRUE
Affiliate,58177.31503407985,200612.0154728329,75209.3207259444,388938.2971059024,1.9309329352507152,TRUE
Affiliate,60255.07628529699,204541.94931968133,76289.79694811137,391915.0607198458,1.8525578763721668,TRUE
Affiliate,62332.83753651413,208312.95384868977,77294.39734563656,394576.8603638984,1.77792575102558,TRUE
Affiliate,64410.598787731265,211932.64313316176,78666.25335095363,396955.964734658,1.7068791553008085,TRUE
Affiliate,66488.3600389484,215408.30113298615,80796.8945791448,399815.6786263915,1.6392581865707123,TRUE
Affiliate,68566.12129016554,218746.879111768,82938.50316214089,405106.3642829894,1.574902857187516,TRUE
Affiliate,70643.88254138269,221954.9974960921,85074.13453857858,409989.6959411269,1.5136549730663054,TRUE
Affiliate,72721.64379259982,225038.95116267164,87180.29695033701,414518.8230720618,1.4553595688956649,TRUE
Affiliate,74799.40504381695,228004.71731634493,89256.68419511664,418761.343983216,1.3998659789668573,TRUE
Affiliate,76877.1662950341,230857.96527366323,90541.1753712948,422732.8793657629,1.347028610924039,TRUE
Affiliate,78954.92754625123,233604.0675955552,91463.00505430912,425306.64889841335,1.2967074792679814,TRUE
Affiliate,81032.68879746836,236248.11212085615,92331.72279663631,426146.267571546,1.2487685462334286,TRUE
Affiliate,83110.45004868551,238794.91454291265,93712.94802076984,426799.61451027304,1.2030839096663766,TRUE
Affiliate,85188.21129990264,241249.0312465109,95461.504077807,427374.46245511115,1.159531870668788,TRUE
Affiliate,87265.97255111978,243614.7721842171,97175.5593157514,427880.16404174623,1.1179969079471603,TRUE
Affiliate,89343.73380233692,245896.2136219382,98488.3481624902,429322.9185710385,1.0783695808821163,TRUE
Affiliate,91421.49505355406,248097.21062484515,100182.8711164332,429630.8502082048,1.040546379213338,TRUE
Affiliate,93499.2563047712,250221.4091882968,101845.91028506149,429842.9005411155,1.0044295337983458,TRUE
Affiliate,95577.01755598834,252272.25794539545,103477.57600694252,430033.25511239487,0.969926800054911,TRUE
Affiliate,97654.77880720548,254253.01940440183,105078.99273632868,430204.47048867773,0.9369512233455328,FALSE
Affiliate,99732.5400584226,256166.7806864094,105745.8124813766,430407.5609760203,0.9054208936300624,FALSE
Affiliate,101810.30130963976,258016.46374718315,106738.57119093002,430702.954905748,0.8752586951308079,FALSE
Affiliate,103888.06256085688,259804.83507764144,108739.07955852752,431668.80764087074,0.8463920554649899,FALSE
Affiliate,105965.82381207404,261534.51488556515,110732.44773810546,432862.79887368734,0.8187526976524421,FALSE
Affiliate,108043.58506329116,263207.9857673095,112204.66937803944,433967.70713485486,0.7922763975601073,FALSE
Affiliate,110121.3463145083,264827.60088287276,113578.01208882991,434989.9856664848,0.7669027486636764,FALSE
Affiliate,112199.10756572544,266395.59165098856,114000.58808443228,435935.64895035326,0.7425749354615003,FALSE
Affiliate,114276.86881694256,267914.0749832325,114244.4821551624,436810.2982442899,0.719239516441804,FALSE
Affiliate,116354.6300681597,269385.06007761555,115818.52307210656,437619.1462982031,0.6968462171611722,FALSE
Affiliate,118432.39131937684,270810.45479302196,117692.6282629996,438367.04115919466,0.6753477337232319,FALSE
Affiliate,120510.152570594,272192.07162620954,119561.18539462738,439058.4890016322,0.6546995467375487,FALSE
Affiliate,122587.91382181112,273531.6333130925,120842.63663748952,439697.67594022845,0.6348597456786692,FALSE
Affiliate,124665.67507302828,274830.7780757207,121919.07277011228,440288.4888026312,0.6157888634443611,FALSE
Affiliate,126743.4363242454,276091.0645358648,122648.24478469008,445201.3431428413,0.5974497208228888,FALSE
Affiliate,128821.19757546252,277313.9763154311,122965.0596660848,447802.8329039848,0.5798072805152161,FALSE
Affiliate,130898.95882667968,278500.9263431551,123267.26547895484,447995.8756770977,0.5628285103142129,FALSE
Affiliate,132976.7200778968,279653.26088615926,123577.21961856436,448655.922328228,0.5464822550150349,FALSE
Affiliate,135054.48132911394,280772.26332406315,123869.73466925744,451210.3224246737,0.5307391166154721,FALSE
Affiliate,137132.24258033108,281859.1576824017,124145.76625352191,453872.0925897318,0.5155713423593863,FALSE
Affiliate,139210.00383154824,282915.1119411847,124406.22125142766,456078.93944287655,0.5009527201781809,FALSE
Affiliate,141287.76508276537,283941.2411335203,124651.95983647814,458746.8400699604,0.4868584810927081,FALSE
Affiliate,143365.5263339825,284938.6102483096,124883.79748274162,461028.50216090993,0.4732652081497495,FALSE
Affiliate,145443.28758519964,285908.2369501646,125102.50693542392,461735.27768417745,0.4601507514818774,FALSE
Affiliate,147521.04883641677,286851.0941288621,125308.82013842648,461817.8022010411,0.4474941490964033,FALSE
Affiliate,149598.8100876339,287768.11228983675,125503.08313116324,461892.78993945976,0.4352755530172809,FALSE
Affiliate,151676.57133885106,288660.1817964691,125532.1340611096,461960.9389347993,0.423476160422859,FALSE
Affiliate,153754.3325900682,289528.1549741858,125559.6396401094,462022.8819414456,0.412078149441724,FALSE
Affiliate,155832.09384128533,290372.84808572556,125585.70312519088,462079.19256682374,0.4010646192881746,FALSE
Affiliate,157909.85509250246,291195.0431862626,125610.41900941648,462130.3908301222,0.3904195344379502,FALSE
Affiliate,159987.6163437196,291995.48986649944,125633.87389314728,462176.948199021,0.3801276725634077,FALSE
Affiliate,162065.37759493673,292774.9068912544,125656.14726225514,464558.4741630093,0.3701745759652868,FALSE
Affiliate,164143.13884615386,293533.9837405551,125677.312183443,466842.1193097009,0.360546506255466,FALSE
Email / CRM,0.0,0.0,0.0,0.0,4.726905521157326,TRUE
Email / CRM,546.6182278481012,2582.930855030101,229.52390652918345,7226.14673296848,4.722068191727038,TRUE
Email / CRM,1093.2364556962025,5160.5875036721945,458.9103114552328,14424.60246173468,4.707633668815038,TRUE
Email / CRM,1639.8546835443035,7727.779719424551,688.0220574490728,21568.10406714352,4.683830476793786,TRUE
Email / CRM,2186.472911392405,10279.481080392165,916.7226738949836,28630.23013937103,4.6510270067384765,TRUE
Email / CRM,2733.091139240506,12810.90093108559,1144.876715677147,35585.787470664494,4.60971419096463,TRUE
Email / CRM,3279.7093670886075,15317.545583548315,1372.3500965287424,42411.15845837272,4.560483775221955,TRUE
Email / CRM,3826.327594936709,17795.266887529244,1599.010415208258,49084.59976871524,4.504004165122653,TRUE
Email / CRM,4372.94582278481,20240.297378098938,1824.7272728324344,55586.48514529035,4.440995771023962,TRUE
Email / CRM,4919.564050632911,22649.27219111029,2049.3725797745105,61934.85119378875,4.372207488693176,TRUE
Email / CRM,5466.182278481012,25019.238719978635,2272.820850629083,68621.456562694,4.298395529490532,TRUE
Email / CRM,6012.800506329114,27347.655524453625,2494.949485849751,75248.28445330521,4.220305353045255,TRUE
Email / CRM,6559.418734177215,29632.382295593667,2715.6390387813103,81810.23233779041,4.1386570349894685,TRUE
Email / CRM,7106.036962025316,31871.662767004273,2934.7734669331344,88302.42704696364,4.054134067673681,TRUE
Email / CRM,7652.655189873418,34064.102392797184,3152.240366472916,94680.6984132846,3.967375358040019,TRUE
Email / CRM,8199.273417721519,36208.642441768054,3367.9311890584763,100007.673758908,3.8789700473646223,TRUE
Email / CRM,8745.89164556962,38304.531931844685,3581.7414402681834,104697.53314249218,3.789454714160787,TRUE
Email / CRM,9292.50987341772,40351.29858460097,3802.787657511556,109071.9588437547,3.699312512573416,TRUE
Email / CRM,9839.128101265822,42348.71974077775,4025.4097025137817,113169.75781757056,3.608973824348973,TRUE
Email / CRM,10385.746329113925,44296.79395881411,4248.161971066685,117433.82753874813,3.5188180473719513,TRUE
Email / CRM,10932.364556962024,46195.71382663309,4470.771788961594,122150.77776485238,3.4291761968269667,TRUE
Email / CRM,11478.982784810129,48045.84035472279,4693.231793075438,125910.29740942284,3.3403340492083875,TRUE
Email / CRM,12025.601012658228,49847.67918526188,4915.534640768758,130063.53092051973,3.25253561053464,TRUE
Email / CRM,12572.219240506329,51601.85874535811,5137.673010866479,134100.7317098712,3.1659867361153715,TRUE
Email / CRM,13118.83746835443,53309.110389301495,5359.639604632429,138093.71581289935,3.080858769215112,TRUE
Email / CRM,13665.45569620253,54970.25051176352,5581.427146737335,142463.34539293498,2.997292099856083,TRUE
Email / CRM,14212.073924050632,56586.16456782469,5803.028386220018,146659.4269436265,2.9153995731182523,TRUE
Email / CRM,14758.692151898733,58157.792903572124,6024.43609744152,150564.67472724564,2.835269699151634,TRUE
Email / CRM,15305.310379746836,59686.118280065886,6245.6430810319325,152635.49360122287,2.7569696353280277,TRUE
Email / CRM,15851.928607594937,61172.15496135413,6466.6421648296,156182.17863149848,2.680547925162549,TRUE
Email / CRM,16398.546835443038,62616.939231913966,6687.426204812513,159701.7366883422,2.606036989443902,TRUE
Email / CRM,16945.165063291137,64021.52120869942,6907.988086021577,163029.93304365716,2.533455373000043,TRUE
Email / CRM,17491.78329113924,65386.957816499424,7128.320723475586,164634.69497428933,2.4628097562091456,TRUE
Email / CRM,18038.401518987343,66714.30680141071,7348.417063077544,165127.12883723504,2.394096744202662,TRUE
Email / CRM,18585.01974683544,68004.62166501782,7568.270082512202,167117.04052469382,2.3273044490915074,TRUE
Email / CRM,19131.637974683545,69258.94741064306,7787.872792134532,169267.57556148455,2.262413881813488,TRUE
Email / CRM,19678.256202531644,70478.3170022505,8007.218235848885,171297.13926219786,2.199400170627842,TRUE
Email / CRM,20224.874430379747,71663.74844586985,8227.5517805196,173139.0091434039,2.138233623099208,TRUE
Email / CRM,20771.49265822785,72816.24241245909,8448.633326313122,176014.09276639044,2.0788806478006685,TRUE
Email / CRM,21318.11088607595,73936.78032976217,8669.612684452188,179289.6411704099,2.0213045510679826,TRUE
Email / CRM,21864.729113924048,75026.32287881122,8890.487242829906,181514.73566452385,1.9654662230654572,TRUE
Email / CRM,22411.34734177215,76085.808838204,9111.25439524056,182273.29882233855,1.9113247262625024,TRUE
Email / CRM,22957.965569620257,77116.15422611928,9331.911541518026,182973.08925284137,1.858837798230282,TRUE
Email / CRM,23504.583797468353,78118.25169622555,9552.4560876733,185311.54437603653,1.8079622794945416,TRUE
Email / CRM,24051.202025316456,79092.97014919248,9772.885446031092,188606.86697982872,1.7586544760539078,TRUE
Email / CRM,24597.820253164555,80041.1545264737,9993.197035365363,191850.6625938909,1.710870465112349,TRUE
Email / CRM,25144.438481012658,80963.62575743471,10213.388281033953,194316.36043285567,1.6645663515915226,TRUE
Email / CRM,25691.056708860757,81861.18083477841,10433.456615112143,195175.70210463647,1.6196984820892022,TRUE
Email / CRM,26237.67493670886,82734.59299664525,10653.39947652526,196275.335420612,1.5762236221348005,TRUE
Email / CRM,26784.29316455696,83584.61199675406,10873.214311180156,197897.46826458577,1.534099101860343,TRUE
Email / CRM,27330.91139240506,84411.96444656728,11092.89857209567,199274.13787589525,1.493282934551709,TRUE
Email / CRM,27877.529620253164,85217.35421574384,11312.449719532042,201794.09848701383,1.4537339119647392,TRUE
Email / CRM,28424.147848101264,86001.46287912191,11531.865221119186,204167.7925954328,1.4154116797787184,TRUE
Email / CRM,28970.766075949366,86764.95020019184,11751.14255198387,206349.48998910724,1.3782767961095015,TRUE
Email / CRM,29517.384303797466,87508.4546425082,11970.279194875797,206712.43397591793,1.342290775609948,TRUE
Email / CRM,30064.00253164557,88232.59390177297,12189.272640292536,207017.6127511288,1.307416121340765,TRUE
Email / CRM,30610.62075949367,88937.9654524315,12408.120386603265,207297.6563904296,1.2736163462945818,TRUE
Email / CRM,31157.23898734177,89625.14710358226,12626.819940171432,207554.6071116978,1.2408559861951247,TRUE
Email / CRM,31703.857215189873,90294.69755982078,12819.617950307033,207666.56021793035,1.209100604966765,TRUE
Email / CRM,32250.475443037973,90947.15698334567,12956.699204605124,207753.8257869352,1.1783167940736414,TRUE
Email / CRM,32797.093670886075,91583.0475542677,13160.069736722917,207832.3917693969,1.1484721667576954,TRUE
Email / CRM,33343.711898734175,92202.87402657785,13362.886493346035,207903.1261987998,1.119535348058306,TRUE
Email / CRM,33890.330126582274,92807.1242776826,13565.14973166736,208308.67436840967,1.0914759613695393,TRUE
Email / CRM,34436.94835443038,93396.2698497948,13766.859571797526,209454.15087835325,1.0642646121817931,TRUE
Email / CRM,34983.56658227848,93970.76648179362,13968.015997607432,211020.05842745613,1.0378728695603912,TRUE
Email / CRM,35530.18481012658,94531.0546304536,14168.618858257129,212327.87637847543,1.0122732458326005,TRUE
Email / CRM,36076.803037974685,95077.55998017213,14318.03692472998,213591.93851722183,0.987439174884576,FALSE
Email / CRM,36623.421265822784,95610.6939405323,14425.943503427192,214813.46376635504,0.9633449894096944,FALSE
Email / CRM,37170.03949367088,96130.85413121057,14534.74520432875,215993.65486124615,0.9399658973979308,FALSE
Email / CRM,37716.65772151898,96638.42485388224,14578.239921031249,217133.6971435674,0.9172779581114548,FALSE
Email / CRM,38263.27594936709,97133.77755090236,14616.335078682898,218191.61299336707,0.8952580577533378,FALSE
Email / CRM,38809.89417721519,97617.27125064236,14652.80512250403,219200.7424170504,0.8738838850034615,FALSE
Email / CRM,39356.51240506329,98089.25299945266,14687.732378255836,219509.5788362211,0.8531339065673669,FALSE
Email / CRM,39903.130632911394,98550.05828029102,14721.195173102442,219759.6462170792,0.8329873428596473,FALSE
Email / CRM,40449.74886075949,99000.01141811932,14753.267996121072,220773.7639860655,0.8134241439226234,FALSE
Email / CRM,40996.36708860759,99439.42597222028,14784.021656238454,221937.80213256073,0.794424965663222,FALSE
Email / CRM,41542.98531645569,99868.60511562852,14945.629987895394,223067.57433370917,0.7759711464756971,FALSE
Email / CRM,42089.6035443038,100287.84200189942,15108.883495526354,224163.92409210824,0.7580446843047555,FALSE
Email / CRM,42636.2217721519,100697.4201194731,15271.217460082618,225227.68464735415,0.7406282141924723,FALSE
Email / CRM,43182.84,101097.61363390306,15432.629904444932,226259.6783671017,0.723704986342785,FALSE
Direct Mail,0.0,0.0,0.0,0.0,1.4016202364123145,TRUE
Direct Mail,2866.773569620253,4016.866269629829,781.9643252486156,9047.593674575355,1.4003011192100814,TRUE
Direct Mail,5733.547139240506,8026.200316841104,1563.8272202999196,18057.40171706146,1.3963761012058185,TRUE
Direct Mail,8600.32070886076,12020.652346132929,2345.4873110919334,27043.17393198966,1.389939109060471,TRUE
Direct Mail,11467.094278481012,15993.220420158545,3126.8433357595177,36002.025419473604,1.3811370912597432,TRUE
Direct Mail,14333.867848101265,19937.38541013437,3907.794200548658,44897.151683228985,1.3701576740545034,TRUE
Direct Mail,17200.64141772152,23847.207799386528,4688.239035510146,53641.21387698185,1.3572152692959871,TRUE
Direct Mail,20067.41498734177,27717.384984555087,5468.077249900251,61990.70699912142,1.3425377135664802,TRUE
Direct Mail,22934.188556962024,31543.272886912266,6247.208587216382,70711.4891483669,1.326354912164144,TRUE
Direct Mail,25800.96212658228,35320.87881766391,7025.533179796993,79434.14138927581,1.3088901976298986,TRUE
Direct Mail,28667.73569620253,39046.83358168642,7802.951602915855,88221.19044479416,1.2903544517424104,TRUE
Direct Mail,31534.509265822784,42718.350274333134,8579.36492830238,96875.69342779215,1.2709426156999697,TRUE
Direct Mail,34401.28283544304,46333.175839898766,9354.674777020891,105395.33687907462,1.2508320333410223,TRUE
Direct Mail,37268.05640506329,49889.53983453176,10128.783371643634,114135.14578544156,1.23018207097534,TRUE
Direct Mail,40134.82997468354,53386.10336221015,10901.593587653862,122743.37366091547,1.2091345513117435,TRUE
Direct Mail,43001.6035443038,56821.910001116914,11673.009004017546,131106.56919075327,1.1878146614738856,TRUE
Direct Mail,45868.37711392405,60196.3397287382,12442.933952863988,137870.23359427735,1.1663321070586192,TRUE
Direct Mail,48735.1506835443,63509.06633000472,13211.273568218265,145817.2820506171,1.1447823699420856,TRUE
Direct Mail,51601.92425316456,66760.01845461526,13977.933833730296,153752.5415831327,1.1232479859386602,TRUE
Direct Mail,54468.69782278481,69949.34430582078,14742.821629348107,159709.9556097595,1.101799794852718,TRUE
Direct Mail,57335.47139240506,73077.37984024853,15505.844776885237,167664.19424931725,1.0804981367380109,TRUE
Direct Mail,60202.24496202532,76144.62030201557,16266.912084434904,175921.9979070012,1.059393980088933,TRUE
Direct Mail,63069.01853164557,79151.69488386773,17025.933389586273,184125.99621634424,1.0385299743183072,TRUE
Direct Mail,65935.79210126582,82099.3442921637,17782.819601400788,188394.64515999547,1.0179414227516044,TRUE
Direct Mail,68802.56567088608,84988.40098553884,18537.482741109736,194061.1689551237,0.9976571748791536,TRUE
Direct Mail,71669.33924050632,87819.7718562168,19289.835981496493,200286.14587829635,0.9777004384369852,TRUE
Direct Mail,74536.11281012658,90594.42312670407,20039.79368493044,206054.6808794377,0.9580895133231204,TRUE
Direct Mail,77402.88637974684,93313.36724206536,20787.271440022017,209665.55758151785,0.938838450501288,TRUE
Direct Mail,80269.65994936708,95977.6515483369,21532.186096871497,214859.04013213547,0.9199576399264182,TRUE
Direct Mail,83136.43351898734,98588.34856016614,22260.587724063545,217714.5154995137,0.9014543321572662,TRUE
Direct Mail,86003.2070886076,101146.54763475912,22899.70584391633,221376.26378414631,0.8833330987174027,TRUE
Direct Mail,88869.98065822784,103653.34788404068,23527.66731619491,223263.75613509308,0.865596236451958,TRUE
Direct Mail,91736.7542278481,106109.85217202992,24144.37332814974,224696.05417677635,0.8482441211380776,TRUE
Direct Mail,94603.52779746836,108517.16205934696,24749.7430327429,230962.72864656517,0.8312755154778396,TRUE
Direct Mail,97470.3013670886,110876.37357116066,25343.71306285648,237447.70560563827,0.814687836370005,TRUE
Direct Mail,100337.07493670886,113188.57367850204,25875.878130021974,242179.89536569448,0.798477386053559,TRUE
Direct Mail,103203.84850632912,115454.83739554229,26511.22421704599,248050.57668132652,0.7826395513694168,TRUE
Direct Mail,106070.62207594936,117676.22540708842,27158.658996167804,253693.14006612453,0.7671689750191878,TRUE
Direct Mail,108937.39564556962,119853.78215113496,27799.573360660594,259409.106023753,0.7520597023287009,TRUE
Direct Mail,111804.16921518988,121988.53429083888,28437.27265324272,265046.86929460446,0.7373053066616083,TRUE
Direct Mail,114670.94278481012,124081.4895188116,29072.65584752282,270546.05354768224,0.7228989962833079,TRUE
Direct Mail,117537.71635443038,126133.63564417088,29701.70103956562,275969.0687473755,0.7088337051533167,TRUE
Direct Mail,120404.48992405063,128145.93991947793,30324.337463378553,281265.2335414303,0.6951021698278613,TRUE
Direct Mail,123271.26349367088,130119.34857054269,30940.49924649883,285009.79300875607,0.6816969943853057,TRUE
Direct Mail,126138.03706329114,132054.78649720788,31550.125371070488,289525.58304062265,0.6686107050447366,TRUE
Direct Mail,129004.8106329114,133953.15711770163,32184.389419853836,293524.5719316893,0.6558357959319615,TRUE
Direct Mail,131871.58420253164,135815.34233302885,32834.09200222739,297408.9087300202,0.643364767255416,TRUE
Direct Mail,134738.35777215188,137642.20259125187,33479.82033613751,301180.49795990175,0.6311901569855705,TRUE
Direct Mail,137605.13134177215,139434.5770344198,34121.52248831598,304841.31380448845,0.6193045669830552,TRUE
Direct Mail,140471.9049113924,141193.2837134336,34759.14833413661,308393.3913159006,0.6077006843910713,TRUE
Direct Mail,143338.67848101264,142919.11985830212,35138.141477058016,311838.81801006856,0.5963712989946148,TRUE
Direct Mail,146205.4520506329,144612.86219311476,35600.699951423405,315179.7258576049,0.585309317150821,TRUE
Direct Mail,149072.22562025316,146275.26728666134,36157.62224137639,318418.2836783666,0.5745077728095592,TRUE
Direct Mail,151938.9991898734,147907.07193101838,36751.82678459344,321550.175051458,0.5639598360696897,TRUE
Direct Mail,154805.77275949367,149508.99354159163,37394.85319132234,324725.75850886677,0.553658819652716,TRUE
Direct Mail,157672.54632911392,151081.7305731305,37769.65528845851,328102.3995685918,0.5435981836206321,TRUE
Direct Mail,160539.31989873416,152625.96294708762,38270.84880928152,331388.52421409707,0.5337715386174494,TRUE
Direct Mail,163406.09346835443,154142.3524864472,38765.06707861856,334585.69175374974,0.5241726478731589,TRUE
Direct Mail,166272.86703797468,155631.54335476912,39259.60399294877,337695.48978959786,0.5147954281738755,TRUE
Direct Mail,169139.64060759492,157094.1624967441,39766.82229204435,341825.7398022974,0.5056339499718856,TRUE
Direct Mail,172006.4141772152,158530.82007801087,40267.213219906494,347196.2165400043,0.4966824367834931,TRUE
Direct Mail,174873.18774683544,159942.10992238007,40760.78747608316,352549.8432638863,0.4879352640004782,TRUE
Direct Mail,177739.96131645568,161328.60994493729,41247.5590886206,357886.5623649845,0.4793869572220483,TRUE
Direct Mail,180606.73488607595,162690.88257978938,41528.379205994584,363206.3174389788,0.4710321901979352,TRUE
Direct Mail,183473.5084556962,164029.47520144962,41772.2303360264,365703.09978894395,0.4628657824594678,TRUE
Direct Mail,186340.28202531644,165344.92053906235,42143.65518837568,368325.65389105433,0.4548826967035567,TRUE
Direct Mail,189207.0555949367,166637.73708284055,42700.85476269088,372487.0203033805,0.4470780359844791,FALSE
Direct Mail,192073.82916455696,167908.4294822352,42820.421469780704,376769.9100073365,0.4394470407596517,FALSE
Direct Mail,194940.6027341772,169157.48893547148,43139.31628079865,379316.84419741353,0.4319850858282795,FALSE
Direct Mail,197807.37630379747,170385.39357019565,43332.37133902349,380268.1935349249,0.4246876771954748,FALSE
Direct Mail,200674.14987341771,171592.60881505907,43478.63540382468,381175.8908012245,0.4175504488890971,FALSE
Direct Mail,203540.92344303796,172779.58776213526,43621.3343733363,382042.15729304537,0.4105691597520579,FALSE
Direct Mail,206407.69701265823,173946.77152013,43757.78595531102,382869.1038413888,0.403739690228956,FALSE
Direct Mail,209274.47058227847,175094.58955839038,43888.24554104302,386029.5886065444,0.3970580391626414,FALSE
Direct Mail,212141.24415189872,176223.46004175936,44012.95970134964,390432.8748116762,0.3905203206135351,FALSE
Direct Mail,215008.017721519,177333.79015635804,44143.32518307901,394805.1995652098,0.3841227607121941,FALSE
Direct Mail,217874.79129113923,178425.97642640263,44547.338062433184,399146.44432202296,0.3778616945536046,FALSE
Direct Mail,220741.56486075948,179500.40502218768,45102.45254532158,403456.4987240103,0.371733563140013,FALSE
Direct Mail,223608.33843037975,180557.45205937847,45657.043499448155,407735.26051608875,0.36573491037771,FALSE
Direct Mail,226475.112,181597.48388977817,46211.117708603866,411982.6354592046,0.3598623801319539,FALSE
Podcast,0.0,0.0,0.0,0.0,1.9318720493436672,TRUE
Podcast,905.9954430379748,1749.980211584838,289.51446427705224,4071.597036145669,1.9309218292610384,TRUE
Podcast,1811.9908860759497,3498.241523267127,578.8650038330269,8133.357606119417,1.9280807281687569,TRUE
Podcast,2717.986329113924,5243.082255618672,867.8880793486078,12175.5406860977,1.9233770911767272,TRUE
Podcast,3623.981772151899,6982.834575560824,1156.420920374243,16188.594167501546,1.91685707742698,TRUE
Podcast,4529.977215189873,8715.87997761609,1444.3019049472812,20163.244460617996,1.908583120781587,TRUE
Podcast,5435.972658227848,10440.663153929783,1731.3709334742,24090.580464635317,1.898631933150246,TRUE
Podcast,6341.968101265823,12155.703898359472,2017.469795042957,27962.130333962767,1.8870921850115103,TRUE
Podcast,7247.963544303798,13859.606817252905,2302.442524394907,31769.92971342503,1.8740620071124323,TRUE
Podcast,8153.958987341773,15551.068748741583,2586.135747864675,35506.58039386314,1.8596464523614735,TRUE
Podcast,9059.954430379748,17228.883911513993,2868.3990166888207,39312.066442374824,1.8439550402426528,TRUE
Podcast,9965.94987341772,18891.946904180844,3149.0851261888824,43103.437103050266,1.8270994815484591,TRUE
Podcast,10871.945316455696,20539.253752304343,3428.050419450218,46856.238644204735,1.809191653038267,TRUE
Podcast,11777.940759493673,22169.90125036601,3709.3744501411247,50567.56989082472,1.790341863525432,TRUE
Podcast,12683.936202531646,23783.08487184241,3992.87412761609,54259.35345642832,1.770657427714985,TRUE
Podcast,13589.93164556962,25378.095525657653,4250.443053816855,57864.93777713657,1.7502415435952503,TRUE
Podcast,14495.927088607596,26954.31542620664,4515.456182813548,61443.97639060982,1.7291924540363703,TRUE
Podcast,15401.92253164557,28511.21332175394,4782.021021661185,64939.85270820396,1.7076028633539866,TRUE
Podcast,16307.917974683543,30048.339296809085,5047.0516609507395,68062.68961183615,1.6855595743020175,TRUE
Podcast,17213.91341772152,31565.31933181169,5309.440420660137,71511.86233837827,1.663143309331472,TRUE
Podcast,18119.908860759493,33061.849771005356,5569.079020973838,75151.64210846038,1.6404286809940831,TRUE
Podcast,19025.90430379747,34537.69181872042,5825.864651052019,78554.82991275504,1.617484279157953,TRUE
Podcast,19931.899746835443,35992.66615665148,6079.700073882918,81826.38183177263,1.5943728464703957,TRUE
Podcast,20837.89518987342,37426.647750707954,6330.493709622126,85317.09200216508,1.5711515176648287,TRUE
Podcast,21743.890632911392,38839.56089579827,6578.15969772424,88730.54651821383,1.5478721024538538,TRUE
Podcast,22649.88607594937,40231.37453033513,6740.755320064611,91212.53791622988,1.5245813956184144,TRUE
Podcast,23555.881518987346,41602.097838994174,6979.989913111932,94082.3526277924,1.5013215013494303,TRUE
Podcast,24461.87696202532,42951.77615191472,7225.739744293333,96214.7786746708,1.4781301618642528,TRUE
Podcast,25367.87240506329,44280.48714065009,7469.589636875094,98273.19383054745,1.4550410828030105,TRUE
Podcast,26273.86784810127,45588.33730533713,7712.459677287826,101154.2889382045,1.4320842499409028,TRUE
Podcast,27179.86329113924,46875.458743371826,7922.851925427401,103392.16089106808,1.409286233381558,TRUE
Podcast,28085.858734177215,48142.00618700676,8127.594331896597,105351.788175842,1.3866704766801998,TRUE
Podcast,28991.85417721519,49388.15429544749,8327.676388277345,107221.22904924392,1.3642575693398575,TRUE
Podcast,29897.849620253164,50614.09518597167,8453.82806419027,109539.55809676538,1.3420655018818308,TRUE
Podcast,30803.84506329114,51820.036188141785,8526.947118527534,112340.89484970008,1.3201099032585022,TRUE
Podcast,31709.84050632911,53006.19780517091,8594.78756634996,115102.96490881636,1.2984042607924149,TRUE
Podcast,32615.83594936709,54172.81186680954,8767.17777962823,117635.8150663106,1.276960123122289,TRUE
Podcast,33521.83139240507,55320.11985865517,8995.820019493542,119436.69138417608,1.2557872868413915,TRUE
Podcast,34427.82683544304,56448.37141347388,9223.818164694312,121076.71211878431,1.2348939676477255,TRUE
Podcast,35333.82227848101,57557.82295090486,9412.564220178929,122276.52072010872,1.2142869569057764,TRUE
Podcast,36239.817721518986,58648.73645275492,9506.03412730292,123021.28029904317,1.1939717645596366,TRUE
Podcast,37145.81316455697,59721.378361946845,9594.400258266112,124544.11711682842,1.173952749347536,TRUE
Podcast,38051.80860759494,60776.01859404523,9677.899495776424,127076.91745171382,1.1542332372564017,TRUE
Podcast,38957.80405063291,61812.929651118975,9756.762589594042,128488.49245185884,1.1348156291281548,TRUE
Podcast,39863.799493670886,62832.38582851269,9831.213697888536,130828.68446018886,1.1157014982920688,TRUE
Podcast,40769.794936708866,63834.662505869266,9901.470026978102,133612.41347576695,1.0968916790530974,TRUE
Podcast,41675.79037974684,64820.03551447674,9967.741559532888,136384.0459355654,1.0783863468175643,TRUE
Podcast,42581.78582278481,65788.78057369874,10030.23086178349,139143.38561261905,1.060185090586993,TRUE
Podcast,43487.781265822785,66741.17278988523,10089.132960794956,141890.2404891565,1.0422869784998,TRUE
Podcast,44393.77670886076,67677.48621175282,10144.635283426349,144581.80045393415,1.0246906170500083,TRUE
Podcast,45299.77215189874,68597.99343677584,10196.917649179277,147155.51548740015,1.007394204563158,TRUE
Podcast,46205.76759493671,69502.96526362488,10246.152309731624,148847.92543145354,0.9903955794624356,TRUE
Podcast,47111.76303797469,70392.67038616221,10298.8906469807,151397.36819369835,0.973692263813416,TRUE
Podcast,48017.75848101266,71267.37512491945,10350.140696611568,153923.32727423724,0.95728150259363,TRUE
Podcast,48923.75392405064,72127.34319237065,10398.828525714356,156381.66408156214,0.9411602990938503,TRUE
Podcast,49829.74936708861,72972.83548866867,10445.09226445711,158476.11808064688,0.9253254468212652,TRUE
Podcast,50735.74481012658,73804.10992482891,10489.063569907294,160137.6372497237,0.9097735582408212,TRUE
Podcast,51641.74025316456,74621.4212706359,10530.867792674611,162509.7905278349,0.8945010906597812,TRUE
Podcast,52547.73569620254,75425.02102481303,10570.624157918714,164826.60226778602,0.8795043695317081,TRUE
Podcast,53453.73113924051,76215.15730523209,10608.44595748597,166636.46421893238,0.8647796094299239,TRUE
Podcast,54359.72658227848,76992.07475715432,10644.440750320638,167725.67927321984,0.8503229329163673,TRUE
Podcast,55265.722025316456,77756.01447769112,10678.7105686473,168754.6382790737,0.8361303875099907,TRUE
Podcast,56171.71746835443,78507.21395484888,10771.65224422184,169744.5723804003,0.8221979609388852,TRUE
Podcast,57077.71291139241,79245.90701967565,10777.904860036771,170696.74563150402,0.8085215948423731,TRUE
Podcast,57983.70835443038,79972.32381017858,10783.628125086458,172073.07163847177,0.7950971970729289,TRUE
Podcast,58889.703797468355,80686.69074580375,10850.596143303155,173534.82999018492,0.7819206527330492,TRUE
Podcast,59795.69924050633,81389.23051138828,10992.610170257954,174464.7856626882,0.7689878340688777,FALSE
Podcast,60701.69468354431,82080.16204960087,11134.552707153574,175274.9085840469,0.7562946093303412,FALSE
Podcast,61607.69012658228,82759.7005609776,11275.724044680854,176053.4126423164,0.7438368506967534,FALSE
Podcast,62513.685569620255,83428.05751075083,11416.121874833629,177026.88371836333,0.7316104413570592,FALSE
Podcast,63419.68101265823,84085.44064173955,11555.743868546588,177950.6751188851,0.7196112818251512,FALSE
Podcast,64325.67645569621,84732.05399264189,11694.587685226692,179713.6551082197,0.7078352955627432,FALSE
Podcast,65231.67189873418,85368.09792113466,11726.29472920906,181244.0023119998,0.6962784339752623,FALSE
Podcast,66137.66734177216,85993.76913123624,11757.042339542684,182612.9960955538,0.6849366808397894,FALSE
Podcast,67043.66278481013,86609.26070444552,11786.59438740604,183953.09208133255,0.673806056218364,FALSE
Podcast,67949.65822784811,87214.76213421016,11815.009872995148,185839.3992052756,0.6628826199048475,FALSE
Podcast,68855.65367088608,87810.45936332404,11842.345093158228,187823.93085026403,0.652162474448869,FALSE
Podcast,69761.64911392405,88396.53482388743,11868.653742211714,189792.18994908984,0.6416417677962724,FALSE
Podcast,70667.64455696203,88973.16747949932,11893.987011494688,191518.03974604345,0.6313166955817081,FALSE
Podcast,71573.64,89540.53286938138,12023.898688573632,193127.21894728224,0.6211835031056754,FALSE
