WEEK_START,COMPONENT,CONTRIBUTION
2023-01-02,Paid Search,668562.0354752219
2023-01-09,Paid Search,675091.4985942631
2023-01-16,Paid Search,611063.3440377006
2023-01-23,Paid Search,665634.8859779772
2023-01-30,Paid Search,729397.8973308429
2023-02-06,Paid Search,707003.529076499
2023-02-13,Paid Search,729231.8986904036
2023-02-20,Paid Search,653238.5962989577
2023-02-27,Paid Search,700347.2986007888
2023-03-06,Paid Search,601950.284294689
2023-03-13,Paid Search,455634.9630072253
2023-03-20,Paid Search,643222.8080259558
2023-03-27,Paid Search,628687.0656769669
2023-04-03,Paid Search,690649.79832636
2023-04-10,Paid Search,712777.5147608172
2023-04-17,Paid Search,692462.3909993076
2023-04-24,Paid Search,690273.9929334766
2023-05-01,Paid Search,629355.6550728875
2023-05-08,Paid Search,660786.0489961951
2023-05-15,Paid Search,719373.8389940436
2023-05-22,Paid Search,664966.6863541366
2023-05-29,Paid Search,733001.6866916962
2023-06-05,Paid Search,662244.6392770311
2023-06-12,Paid Search,671020.4555025272
2023-06-19,Paid Search,627040.9138835523
2023-06-26,Paid Search,695238.2480676449
2023-07-03,Paid Search,615955.3759045271
2023-07-10,Paid Search,649356.1518040692
2023-07-17,Paid Search,709601.3912695706
2023-07-24,Paid Search,682345.592859499
2023-07-31,Paid Search,604122.9799370535
2023-08-07,Paid Search,671210.8876722648
2023-08-14,Paid Search,651218.5644758038
2023-08-21,Paid Search,722221.6626088719
2023-08-28,Paid Search,582891.8826161663
2023-09-04,Paid Search,675121.9502509815
2023-09-11,Paid Search,695077.0630559572
2023-09-18,Paid Search,625076.2735084782
2023-09-25,Paid Search,607083.7604791204
2023-10-02,Paid Search,718828.6468478111
2023-10-09,Paid Search,627988.6419037693
2023-10-16,Paid Search,640867.522810755
2023-10-23,Paid Search,706033.9823536869
2023-10-30,Paid Search,731324.536996911
2023-11-06,Paid Search,661987.6465920733
2023-11-13,Paid Search,710247.1097946021
2023-11-20,Paid Search,731377.4877228179
2023-11-27,Paid Search,704354.3999515321
2023-12-04,Paid Search,728372.1671497328
2023-12-11,Paid Search,721032.8475496419
2023-12-18,Paid Search,722751.731123735
2023-12-25,Paid Search,688757.5395515945
2024-01-01,Paid Search,710375.8951732981
2024-01-08,Paid Search,732581.2079042202
2024-01-15,Paid Search,696402.0177269722
2024-01-22,Paid Search,736410.6391348952
2024-01-29,Paid Search,686854.2151091981
2024-02-05,Paid Search,692056.9877095186
2024-02-12,Paid Search,729805.1284794821
2024-02-19,Paid Search,692729.4419581753
2024-02-26,Paid Search,712649.5755616942
2024-03-04,Paid Search,657160.6011869621
2024-03-11,Paid Search,678948.7964142435
2024-03-18,Paid Search,688086.9782908681
2024-03-25,Paid Search,718886.892088865
2024-04-01,Paid Search,415777.8913116049
2024-04-08,Paid Search,337683.2326780931
2024-04-15,Paid Search,563427.8174980481
2024-04-22,Paid Search,456045.9706585649
2024-04-29,Paid Search,466840.32375620457
2024-05-06,Paid Search,697554.8306473686
2024-05-13,Paid Search,662810.1134559772
2024-05-20,Paid Search,694368.3758214217
2024-05-27,Paid Search,704836.2709776743
2024-06-03,Paid Search,701289.0806958604
2024-06-10,Paid Search,713467.0443655774
2024-06-17,Paid Search,718412.1091528393
2024-06-24,Paid Search,732764.6153134167
2024-07-01,Paid Search,663406.4653119271
2024-07-08,Paid Search,711277.2959875737
2024-07-15,Paid Search,637360.3751576054
2024-07-22,Paid Search,711820.5863871506
2024-07-29,Paid Search,703058.629093118
2024-08-05,Paid Search,637673.7061288826
2024-08-12,Paid Search,677785.5698387393
2024-08-19,Paid Search,683145.0815887615
2024-08-26,Paid Search,707819.6714989602
2024-09-02,Paid Search,663683.3608036847
2024-09-09,Paid Search,701944.8040273265
2024-09-16,Paid Search,721240.7843515101
2024-09-23,Paid Search,665770.8887494167
2024-09-30,Paid Search,577865.898407199
2024-10-07,Paid Search,667996.4007206446
2024-10-14,Paid Search,601778.6319643721
2024-10-21,Paid Search,683692.9808733688
2024-10-28,Paid Search,712331.7805794902
2024-11-04,Paid Search,643994.5223032625
2024-11-11,Paid Search,735264.9444872581
2024-11-18,Paid Search,732818.8735754085
2024-11-25,Paid Search,666923.6915631448
2024-12-02,Paid Search,674877.5455670458
2024-12-09,Paid Search,725980.0391528454
2024-12-16,Paid Search,730864.3847180014
2024-12-23,Paid Search,704618.8663821471
2024-12-30,Paid Search,719779.4224574502
2025-01-06,Paid Search,634992.6162273666
2025-01-13,Paid Search,683381.5901082936
2025-01-20,Paid Search,675610.1600699063
2025-01-27,Paid Search,693844.9403913708
2025-02-03,Paid Search,678639.2480355351
2025-02-10,Paid Search,720758.9007813138
2025-02-17,Paid Search,703417.1614841557
2025-02-24,Paid Search,678751.9507620723
2025-03-03,Paid Search,707944.8972291333
2025-03-10,Paid Search,685191.6407624242
2025-03-17,Paid Search,712599.1024518369
2025-03-24,Paid Search,677174.7846427421
2025-03-31,Paid Search,698790.5491477272
2025-04-07,Paid Search,705691.2214133155
2025-04-14,Paid Search,698687.1512795967
2025-04-21,Paid Search,716605.644879929
2025-04-28,Paid Search,651557.1696009567
2025-05-05,Paid Search,672022.2618073634
2025-05-12,Paid Search,668711.3687074208
2025-05-19,Paid Search,676251.7244717975
2025-05-26,Paid Search,639089.3069003031
2025-06-02,Paid Search,665485.1994449443
2025-06-09,Paid Search,647534.4593112986
2025-06-16,Paid Search,699756.9066494837
2025-06-23,Paid Search,716895.1019946113
2025-06-30,Paid Search,672385.3963610625
2025-07-07,Paid Search,695134.8056507815
2025-07-14,Paid Search,639111.4096170913
2025-07-21,Paid Search,667589.1135139071
2025-07-28,Paid Search,536049.5906368924
2025-08-04,Paid Search,678780.6285800912
2025-08-11,Paid Search,628566.5413819416
2025-08-18,Paid Search,695760.8772403847
2025-08-25,Paid Search,716978.3590594806
2025-09-01,Paid Search,720306.3993473958
2025-09-08,Paid Search,660378.868659206
2025-09-15,Paid Search,621788.0541013983
2025-09-22,Paid Search,733638.5657055834
2025-09-29,Paid Search,697553.7598172632
2025-10-06,Paid Search,727384.3443193936
2025-10-13,Paid Search,729113.5046969301
2025-10-20,Paid Search,653728.1325263438
2025-10-27,Paid Search,681920.1415047316
2025-11-03,Paid Search,682629.7606839181
2025-11-10,Paid Search,615512.44192505
2025-11-17,Paid Search,666357.4742632305
2025-11-24,Paid Search,735489.747636178
2025-12-01,Paid Search,706704.9597749162
2025-12-08,Paid Search,720838.9335456657
2025-12-15,Paid Search,716077.0319997281
2025-12-22,Paid Search,724580.9758545805
2023-01-02,Connected TV,57558.22168452027
2023-01-09,Connected TV,67568.53792321277
2023-01-16,Connected TV,108946.73918981131
2023-01-23,Connected TV,122380.99042667486
2023-01-30,Connected TV,165765.15344512698
2023-02-06,Connected TV,167730.390254564
2023-02-13,Connected TV,100153.4691873098
2023-02-20,Connected TV,60609.67448671275
2023-02-27,Connected TV,37421.31598035944
2023-03-06,Connected TV,73487.32373885218
2023-03-13,Connected TV,136753.18126267896
2023-03-20,Connected TV,114910.48457246766
2023-03-27,Connected TV,129777.76127498392
2023-04-03,Connected TV,152150.18434095813
2023-04-10,Connected TV,136792.39674483894
2023-04-17,Connected TV,81475.92213269538
2023-04-24,Connected TV,49403.05088260437
2023-05-01,Connected TV,30393.0764597814
2023-05-08,Connected TV,103493.9524962467
2023-05-15,Connected TV,153952.56958129947
2023-05-22,Connected TV,168722.20703606828
2023-05-29,Connected TV,157011.85692499683
2023-06-05,Connected TV,169126.9949929162
2023-06-12,Connected TV,153097.86525262843
2023-06-19,Connected TV,91940.31609510728
2023-06-26,Connected TV,55982.01238469714
2023-07-03,Connected TV,34634.95725105702
2023-07-10,Connected TV,104292.04600418732
2023-07-17,Connected TV,104426.04007299256
2023-07-24,Connected TV,136657.45006579973
2023-07-31,Connected TV,154862.50478818512
2023-08-07,Connected TV,139183.49304611926
2023-08-14,Connected TV,154092.68775340918
2023-08-21,Connected TV,91789.18700331272
2023-08-28,Connected TV,55550.80027352572
2023-09-04,Connected TV,34179.27216017415
2023-09-11,Connected TV,109632.63810574176
2023-09-18,Connected TV,120108.6211384787
2023-09-25,Connected TV,155537.2654013177
2023-10-02,Connected TV,151937.37695551605
2023-10-09,Connected TV,154031.12946502064
2023-10-16,Connected TV,197431.70257545417
2023-10-23,Connected TV,118895.3059475018
2023-10-30,Connected TV,71982.10279635798
2023-11-06,Connected TV,44349.80409638357
2023-11-13,Connected TV,83302.22849051403
2023-11-20,Connected TV,143750.78372759084
2023-11-27,Connected TV,159042.89270043027
2023-12-04,Connected TV,145135.33560238528
2023-12-11,Connected TV,172414.95144631728
2023-12-18,Connected TV,205153.46596756548
2023-12-25,Connected TV,124034.36677111212
2024-01-01,Connected TV,75293.24759205969
2024-01-08,Connected TV,46398.64985640742
2024-01-15,Connected TV,93241.28610308656
2024-01-22,Connected TV,113111.0314878635
2024-01-29,Connected TV,178790.57387490862
2024-02-05,Connected TV,199331.10215390177
2024-02-12,Connected TV,167344.1839514739
2024-02-19,Connected TV,159651.35560864297
2024-02-26,Connected TV,96044.05915491722
2024-03-04,Connected TV,58608.83246042588
2024-03-11,Connected TV,36272.755351813496
2024-03-18,Connected TV,86388.99170141981
2024-03-25,Connected TV,120290.36126483284
2024-04-01,Connected TV,122138.14220008472
2024-04-08,Connected TV,123677.42590055655
2024-04-15,Connected TV,162740.98807902777
2024-04-22,Connected TV,198588.63494923903
2024-04-29,Connected TV,119351.58220948158
2024-05-06,Connected TV,72051.76891935471
2024-05-13,Connected TV,44296.81601968475
2024-05-20,Connected TV,112382.93089873483
2024-05-27,Connected TV,232413.00083638524
2024-06-03,Connected TV,192867.2059060469
2024-06-10,Connected TV,177865.6636576275
2024-06-17,Connected TV,170544.31476834827
2024-06-24,Connected TV,156335.75074637274
2024-07-01,Connected TV,94341.83143715386
2024-07-08,Connected TV,57752.237103143576
2024-07-15,Connected TV,35845.12268944149
2024-07-22,Connected TV,64256.08446557005
2024-07-29,Connected TV,106049.11731022516
2024-08-05,Connected TV,113305.7279271802
2024-08-12,Connected TV,105853.95560886204
2024-08-19,Connected TV,117875.62704312358
2024-08-26,Connected TV,113683.97321410682
2024-09-02,Connected TV,67178.46758045112
2024-09-09,Connected TV,40530.97469619459
2024-09-16,Connected TV,24919.216504252985
2024-09-23,Connected TV,144070.4841040622
2024-09-30,Connected TV,197093.8598306587
2024-10-07,Connected TV,247615.39515903048
2024-10-14,Connected TV,289720.739374897
2024-10-21,Connected TV,245460.01282483392
2024-10-28,Connected TV,293732.38366056693
2024-11-04,Connected TV,187038.65114049232
2024-11-11,Connected TV,116314.4572785228
2024-11-18,Connected TV,72642.87829808569
2024-11-25,Connected TV,177823.19601381797
2024-12-02,Connected TV,238845.9174755005
2024-12-09,Connected TV,217450.21752409928
2024-12-16,Connected TV,244160.04411723136
2024-12-23,Connected TV,235001.77217314945
2024-12-30,Connected TV,226162.2562284744
2025-01-06,Connected TV,139559.60936895414
2025-01-13,Connected TV,85782.69209636627
2025-01-20,Connected TV,53489.31793221398
2025-01-27,Connected TV,121168.62352478877
2025-02-03,Connected TV,169548.65322520054
2025-02-10,Connected TV,172687.73525686405
2025-02-17,Connected TV,142157.08332654607
2025-02-24,Connected TV,129321.2358837083
2025-03-03,Connected TV,144261.18346910534
2025-03-10,Connected TV,86016.17560472638
2025-03-17,Connected TV,52003.68369744901
2025-03-24,Connected TV,32024.00132735378
2025-03-31,Connected TV,115707.46311162515
2025-04-07,Connected TV,102244.76829046902
2025-04-14,Connected TV,111870.66433660146
2025-04-21,Connected TV,124387.3431637142
2025-04-28,Connected TV,137127.39099477176
2025-05-05,Connected TV,122242.87656958651
2025-05-12,Connected TV,72553.44403085939
2025-05-19,Connected TV,44001.79617230469
2025-05-26,Connected TV,27206.764014178003
2025-06-02,Connected TV,84241.08625324025
2025-06-09,Connected TV,107462.46037161384
2025-06-16,Connected TV,119666.93125264258
2025-06-23,Connected TV,152343.10343474068
2025-06-30,Connected TV,175387.90961258195
2025-07-07,Connected TV,148206.63885198926
2025-07-14,Connected TV,88723.7325333884
2025-07-21,Connected TV,53911.221908517226
2025-07-28,Connected TV,33320.17378881482
2025-08-04,Connected TV,125169.44262211934
2025-08-11,Connected TV,118129.6456759833
2025-08-18,Connected TV,154572.58956529875
2025-08-25,Connected TV,162073.5202340637
2025-09-01,Connected TV,200583.21492747444
2025-09-08,Connected TV,176442.38479971077
2025-09-15,Connected TV,106504.6111800875
2025-09-22,Connected TV,64846.69537105256
2025-09-29,Connected TV,40069.96086322065
2025-10-06,Connected TV,79911.92057795708
2025-10-13,Connected TV,143238.0673127834
2025-10-20,Connected TV,142632.68655948472
2025-10-27,Connected TV,139506.78511603922
2025-11-03,Connected TV,146955.30621370478
2025-11-10,Connected TV,141119.30073145355
2025-11-17,Connected TV,84109.17255342491
2025-11-24,Connected TV,50993.89645633056
2025-12-01,Connected TV,31346.181675073574
2025-12-08,Connected TV,120839.19132549276
2025-12-15,Connected TV,140176.01789280667
2025-12-22,Connected TV,134628.0654122328
2023-01-02,Paid Social,88441.92551648153
2023-01-09,Paid Social,118806.59592609789
2023-01-16,Paid Social,175041.19001264326
2023-01-23,Paid Social,192253.74042507124
2023-01-30,Paid Social,173747.33885166
2023-02-06,Paid Social,206631.67956638124
2023-02-13,Paid Social,206681.08603557493
2023-02-20,Paid Social,194765.82159437492
2023-02-27,Paid Social,172540.75519482102
2023-03-06,Paid Social,189725.69099631984
2023-03-13,Paid Social,187427.0152404646
2023-03-20,Paid Social,169098.4887047136
2023-03-27,Paid Social,163103.90158152248
2023-04-03,Paid Social,159106.71307112472
2023-04-10,Paid Social,149038.26249469095
2023-04-17,Paid Social,153984.99788501483
2023-04-24,Paid Social,146108.45287647942
2023-05-01,Paid Social,149329.565233156
2023-05-08,Paid Social,193087.43697018843
2023-05-15,Paid Social,180868.4937131727
2023-05-22,Paid Social,143802.3812688772
2023-05-29,Paid Social,159438.945464642
2023-06-05,Paid Social,144095.94304788316
2023-06-12,Paid Social,134460.65230392938
2023-06-19,Paid Social,151626.7264053928
2023-06-26,Paid Social,139846.20701733246
2023-07-03,Paid Social,178834.42533760087
2023-07-10,Paid Social,177047.86440129136
2023-07-17,Paid Social,162350.51432002132
2023-07-24,Paid Social,167870.36184416697
2023-07-31,Paid Social,181956.004938141
2023-08-07,Paid Social,178450.75546070564
2023-08-14,Paid Social,163683.0403252476
2023-08-21,Paid Social,168361.94532885653
2023-08-28,Paid Social,179382.50669319945
2023-09-04,Paid Social,169380.52909843277
2023-09-11,Paid Social,176849.64817725055
2023-09-18,Paid Social,166235.13427746075
2023-09-25,Paid Social,161503.93801399288
2023-10-02,Paid Social,161386.6921200286
2023-10-09,Paid Social,165703.51450860553
2023-10-16,Paid Social,160387.40696435084
2023-10-23,Paid Social,169898.65106539946
2023-10-30,Paid Social,168753.8108737505
2023-11-06,Paid Social,165288.99873950667
2023-11-13,Paid Social,156947.36672978292
2023-11-20,Paid Social,154513.3117762154
2023-11-27,Paid Social,163258.11178911294
2023-12-04,Paid Social,159872.2962069881
2023-12-11,Paid Social,173016.58663166477
2023-12-18,Paid Social,166648.35760861653
2023-12-25,Paid Social,153070.41840837282
2024-01-01,Paid Social,172175.70699603553
2024-01-08,Paid Social,199514.10462489448
2024-01-15,Paid Social,174023.1771269659
2024-01-22,Paid Social,178705.2046731215
2024-01-29,Paid Social,197973.0985980228
2024-02-05,Paid Social,191703.572894598
2024-02-12,Paid Social,209425.28813608552
2024-02-19,Paid Social,183862.1573024827
2024-02-26,Paid Social,174411.17801709144
2024-03-04,Paid Social,153339.99044670752
2024-03-11,Paid Social,148282.4309842812
2024-03-18,Paid Social,140536.53578501407
2024-03-25,Paid Social,178527.01481149302
2024-04-01,Paid Social,147036.22054472275
2024-04-08,Paid Social,169796.21848773878
2024-04-15,Paid Social,186468.91740439963
2024-04-22,Paid Social,184721.3088511335
2024-04-29,Paid Social,191165.9722428437
2024-05-06,Paid Social,161808.97175799822
2024-05-13,Paid Social,174202.19347519812
2024-05-20,Paid Social,183398.256338153
2024-05-27,Paid Social,173373.40455664005
2024-06-03,Paid Social,152979.669791171
2024-06-10,Paid Social,164281.89450698704
2024-06-17,Paid Social,194438.03577671488
2024-06-24,Paid Social,172190.86632027227
2024-07-01,Paid Social,150703.0057759977
2024-07-08,Paid Social,143797.54279187534
2024-07-15,Paid Social,156906.68804638158
2024-07-22,Paid Social,162435.82503503078
2024-07-29,Paid Social,193804.1137779327
2024-08-05,Paid Social,163990.4355300708
2024-08-12,Paid Social,186203.7138958692
2024-08-19,Paid Social,168601.18986929566
2024-08-26,Paid Social,204788.59210851457
2024-09-02,Paid Social,210493.33686601237
2024-09-09,Paid Social,189006.66617100473
2024-09-16,Paid Social,168360.6014108078
2024-09-23,Paid Social,165990.0243406058
2024-09-30,Paid Social,164791.0662054763
2024-10-07,Paid Social,151750.71208087713
2024-10-14,Paid Social,147932.1040292008
2024-10-21,Paid Social,162065.91131268628
2024-10-28,Paid Social,170204.43380285532
2024-11-04,Paid Social,186042.70922096455
2024-11-11,Paid Social,160138.59932466934
2024-11-18,Paid Social,179141.54133939694
2024-11-25,Paid Social,171281.97958092426
2024-12-02,Paid Social,179700.78802306828
2024-12-09,Paid Social,187592.79741630593
2024-12-16,Paid Social,189082.77682343387
2024-12-23,Paid Social,156049.566974125
2024-12-30,Paid Social,169430.71019481
2025-01-06,Paid Social,157260.8145971674
2025-01-13,Paid Social,170818.10230215918
2025-01-20,Paid Social,196185.89069513307
2025-01-27,Paid Social,199324.3999807537
2025-02-03,Paid Social,187414.61529873483
2025-02-10,Paid Social,187645.55211406783
2025-02-17,Paid Social,182105.1908065204
2025-02-24,Paid Social,173059.81149204768
2025-03-03,Paid Social,160718.68889242975
2025-03-10,Paid Social,173182.14717751378
2025-03-17,Paid Social,181910.13798934332
2025-03-24,Paid Social,155590.63590332415
2025-03-31,Paid Social,193899.89576005712
2025-04-07,Paid Social,200902.44599352696
2025-04-14,Paid Social,195476.28149634055
2025-04-21,Paid Social,180356.8972782986
2025-04-28,Paid Social,187788.01848475297
2025-05-05,Paid Social,189483.68482373832
2025-05-12,Paid Social,174572.798335634
2025-05-19,Paid Social,165836.13248996777
2025-05-26,Paid Social,193546.94563726263
2025-06-02,Paid Social,179047.175586383
2025-06-09,Paid Social,194780.7366177944
2025-06-16,Paid Social,164105.48510344676
2025-06-23,Paid Social,149921.53497963335
2025-06-30,Paid Social,136852.61892311563
2025-07-07,Paid Social,153540.20118711374
2025-07-14,Paid Social,155822.95282261207
2025-07-21,Paid Social,135530.21748784915
2025-07-28,Paid Social,172432.07300190628
2025-08-04,Paid Social,178868.14772670713
2025-08-11,Paid Social,162929.1298135935
2025-08-18,Paid Social,161148.61810977885
2025-08-25,Paid Social,149385.4600432119
2025-09-01,Paid Social,162012.85355732718
2025-09-08,Paid Social,190813.543020641
2025-09-15,Paid Social,189173.4469061005
2025-09-22,Paid Social,190432.7835102725
2025-09-29,Paid Social,160476.5671143302
2025-10-06,Paid Social,158136.67618253452
2025-10-13,Paid Social,152107.8136873829
2025-10-20,Paid Social,160521.1464511255
2025-10-27,Paid Social,168403.5569931124
2025-11-03,Paid Social,170396.17033961762
2025-11-10,Paid Social,177794.9093078
2025-11-17,Paid Social,193510.2232128257
2025-11-24,Paid Social,199741.47921322216
2025-12-01,Paid Social,203857.2834310828
2025-12-08,Paid Social,199623.7196272278
2025-12-15,Paid Social,185593.17187212023
2025-12-22,Paid Social,170646.80291720323
2023-01-02,Display,64075.808667716614
2023-01-09,Display,80182.94255051523
2023-01-16,Display,118056.17066875502
2023-01-23,Display,108987.63225711168
2023-01-30,Display,184426.75091508628
2023-02-06,Display,194051.85840804945
2023-02-13,Display,156583.43063523073
2023-02-20,Display,140048.1716519413
2023-02-27,Display,146979.63346572657
2023-03-06,Display,124113.0846878418
2023-03-13,Display,125405.35748379298
2023-03-20,Display,119819.6778890313
2023-03-27,Display,136677.5178813083
2023-04-03,Display,118070.09431621784
2023-04-10,Display,104738.4056121339
2023-04-17,Display,133551.29294334794
2023-04-24,Display,108861.038011336
2023-05-01,Display,172276.70350034273
2023-05-08,Display,138209.0623574275
2023-05-15,Display,141107.47266746583
2023-05-22,Display,173331.98046771646
2023-05-29,Display,147841.56729097542
2023-06-05,Display,124060.21530341051
2023-06-12,Display,139035.00941904346
2023-06-19,Display,126735.88948366686
2023-06-26,Display,133083.43399008416
2023-07-03,Display,120295.2963728468
2023-07-10,Display,131582.92846688282
2023-07-17,Display,104834.6871739638
2023-07-24,Display,139492.1027936676
2023-07-31,Display,153063.444486791
2023-08-07,Display,135061.53917515647
2023-08-14,Display,134459.74022908713
2023-08-21,Display,111561.45687267827
2023-08-28,Display,114253.5464701914
2023-09-04,Display,104500.26673054174
2023-09-11,Display,110794.0766010732
2023-09-18,Display,183923.7454686061
2023-09-25,Display,155610.39383410395
2023-10-02,Display,119916.45430518808
2023-10-09,Display,100896.72259278
2023-10-16,Display,134289.91980734424
2023-10-23,Display,136805.79630852342
2023-10-30,Display,159724.84023204728
2023-11-06,Display,127252.58660111768
2023-11-13,Display,126170.75013960832
2023-11-20,Display,145466.79705582757
2023-11-27,Display,164774.828128438
2023-12-04,Display,161794.29339238265
2023-12-11,Display,152525.13751556323
2023-12-18,Display,159611.67076085752
2023-12-25,Display,132950.6062359288
2024-01-01,Display,143935.0376376445
2024-01-08,Display,135151.7507866266
2024-01-15,Display,119978.45924496598
2024-01-22,Display,113384.07296039887
2024-01-29,Display,142994.76950347816
2024-02-05,Display,134145.95796094125
2024-02-12,Display,133123.10070235244
2024-02-19,Display,136696.85092304123
2024-02-26,Display,156310.9953402347
2024-03-04,Display,151057.2750924035
2024-03-11,Display,121016.24179181944
2024-03-18,Display,122571.07443577723
2024-03-25,Display,123710.3034254534
2024-04-01,Display,136627.86430641837
2024-04-08,Display,135512.63506305325
2024-04-15,Display,143430.79342512524
2024-04-22,Display,136104.0412594884
2024-04-29,Display,157581.2754044476
2024-05-06,Display,145369.6725868063
2024-05-13,Display,121362.4481776817
2024-05-20,Display,166350.52183240282
2024-05-27,Display,147553.819797139
2024-06-03,Display,116148.06395096646
2024-06-10,Display,114596.38422573014
2024-06-17,Display,128238.00889536348
2024-06-24,Display,110089.95795192602
2024-07-01,Display,117864.45703385527
2024-07-08,Display,122157.22173265676
2024-07-15,Display,121936.19747239749
2024-07-22,Display,115732.56079187784
2024-07-29,Display,132524.86034010432
2024-08-05,Display,128043.08770827977
2024-08-12,Display,125213.05501871224
2024-08-19,Display,117141.64000464998
2024-08-26,Display,128948.75360836153
2024-09-02,Display,118376.20751207508
2024-09-09,Display,116922.08132942242
2024-09-16,Display,135534.9293074234
2024-09-23,Display,115164.76438067316
2024-09-30,Display,135479.23351302536
2024-10-07,Display,148685.97535061193
2024-10-14,Display,158086.7081380773
2024-10-21,Display,135762.40907483295
2024-10-28,Display,124526.61111495744
2024-11-04,Display,140827.72316991826
2024-11-11,Display,141694.1539102336
2024-11-18,Display,146842.6837587782
2024-11-25,Display,189442.0392363254
2024-12-02,Display,183757.7096120767
2024-12-09,Display,225535.56152798168
2024-12-16,Display,222724.34114876212
2024-12-23,Display,207529.2233949147
2024-12-30,Display,184911.10654949828
2025-01-06,Display,182679.30789002945
2025-01-13,Display,165553.02653554824
2025-01-20,Display,146594.60130562854
2025-01-27,Display,137892.38244056783
2025-02-03,Display,133949.03459287985
2025-02-10,Display,159058.18810372762
2025-02-17,Display,146002.90148847995
2025-02-24,Display,131786.92860156295
2025-03-03,Display,133070.66442262716
2025-03-10,Display,130214.75366413283
2025-03-17,Display,130008.12285782523
2025-03-24,Display,133071.89605246
2025-03-31,Display,115653.67656252728
2025-04-07,Display,119147.38730754968
2025-04-14,Display,110053.00036607988
2025-04-21,Display,119576.66023399075
2025-04-28,Display,116636.48943484036
2025-05-05,Display,123285.1547694882
2025-05-12,Display,133715.9442468283
2025-05-19,Display,116445.5717508854
2025-05-26,Display,138039.38072930838
2025-06-02,Display,181851.57968688765
2025-06-09,Display,198968.014234237
2025-06-16,Display,161145.14295625075
2025-06-23,Display,136713.70290296825
2025-06-30,Display,112070.21748549637
2025-07-07,Display,117780.41322511045
2025-07-14,Display,104593.65855036622
2025-07-21,Display,105971.84605769442
2025-07-28,Display,125739.46193935708
2025-08-04,Display,119601.9974915874
2025-08-11,Display,109249.66492180014
2025-08-18,Display,139116.1307871426
2025-08-25,Display,125948.86263812796
2025-09-01,Display,107617.87418311606
2025-09-08,Display,99948.97296442876
2025-09-15,Display,103341.35992750022
2025-09-22,Display,149098.90157462953
2025-09-29,Display,174464.1063409929
2025-10-06,Display,138753.00278752687
2025-10-13,Display,156980.1190319375
2025-10-20,Display,158085.49219873975
2025-10-27,Display,167060.2267929026
2025-11-03,Display,141527.16332049106
2025-11-10,Display,137020.87126870916
2025-11-17,Display,150464.31433151037
2025-11-24,Display,141329.02774037232
2025-12-01,Display,133746.40468746182
2025-12-08,Display,161130.8691263698
2025-12-15,Display,159839.26545213434
2025-12-22,Display,152141.97807071448
2023-01-02,Affiliate,122924.8710032001
2023-01-09,Affiliate,149126.3261676014
2023-01-16,Affiliate,188865.5662196565
2023-01-23,Affiliate,222372.4116076275
2023-01-30,Affiliate,176317.8443208572
2023-02-06,Affiliate,199234.1289725452
2023-02-13,Affiliate,197622.60638486303
2023-02-20,Affiliate,134377.96845594406
2023-02-27,Affiliate,214378.486873846
2023-03-06,Affiliate,189275.09454393963
2023-03-13,Affiliate,152813.7861411198
2023-03-20,Affiliate,195953.92019979365
2023-03-27,Affiliate,145367.8264788176
2023-04-03,Affiliate,116985.54799296727
2023-04-10,Affiliate,145162.91064279125
2023-04-17,Affiliate,127231.84690785209
2023-04-24,Affiliate,176989.86244202591
2023-05-01,Affiliate,160768.03252968183
2023-05-08,Affiliate,170918.83214241345
2023-05-15,Affiliate,205880.8792027352
2023-05-22,Affiliate,141815.51006742424
2023-05-29,Affiliate,162529.01252143006
2023-06-05,Affiliate,153372.56509728695
2023-06-12,Affiliate,179777.02017974705
2023-06-19,Affiliate,149343.1820483149
2023-06-26,Affiliate,190076.55388408797
2023-07-03,Affiliate,168107.94560879265
2023-07-10,Affiliate,143990.94189300717
2023-07-17,Affiliate,147738.33894905436
2023-07-24,Affiliate,154639.79447510256
2023-07-31,Affiliate,154067.0072792222
2023-08-07,Affiliate,150810.4645719368
2023-08-14,Affiliate,225541.7990887554
2023-08-21,Affiliate,167518.6934076776
2023-08-28,Affiliate,154660.18410027528
2023-09-04,Affiliate,145753.9162845923
2023-09-11,Affiliate,195410.33082225005
2023-09-18,Affiliate,182478.19810358563
2023-09-25,Affiliate,174393.89968055717
2023-10-02,Affiliate,153298.4140614316
2023-10-09,Affiliate,208184.81047209183
2023-10-16,Affiliate,172286.15092577427
2023-10-23,Affiliate,140251.79619313855
2023-10-30,Affiliate,188884.7405242645
2023-11-06,Affiliate,158607.2623721167
2023-11-13,Affiliate,223531.74756269067
2023-11-20,Affiliate,239955.3811942646
2023-11-27,Affiliate,223131.45395236608
2023-12-04,Affiliate,195226.24055702996
2023-12-11,Affiliate,198456.38873155692
2023-12-18,Affiliate,206148.7120353641
2023-12-25,Affiliate,214838.54813116233
2024-01-01,Affiliate,198276.898033891
2024-01-08,Affiliate,210624.1259251403
2024-01-15,Affiliate,208881.01575829263
2024-01-22,Affiliate,158646.53021714764
2024-01-29,Affiliate,205622.86757068455
2024-02-05,Affiliate,172004.04164062862
2024-02-12,Affiliate,218040.93586514052
2024-02-19,Affiliate,228495.7327473995
2024-02-26,Affiliate,198784.4733606964
2024-03-04,Affiliate,209218.61554263617
2024-03-11,Affiliate,157686.47373087754
2024-03-18,Affiliate,204742.6392227203
2024-03-25,Affiliate,170735.24403880473
2024-04-01,Affiliate,182668.8030813296
2024-04-08,Affiliate,166985.38738193634
2024-04-15,Affiliate,190769.21403083907
2024-04-22,Affiliate,172024.70165880214
2024-04-29,Affiliate,229672.94447412723
2024-05-06,Affiliate,187483.252285302
2024-05-13,Affiliate,161554.40174422658
2024-05-20,Affiliate,162436.04511563276
2024-05-27,Affiliate,168019.10523175605
2024-06-03,Affiliate,176965.87165752545
2024-06-10,Affiliate,195496.07842481177
2024-06-17,Affiliate,201342.7220579648
2024-06-24,Affiliate,215905.44204414732
2024-07-01,Affiliate,150020.5444552965
2024-07-08,Affiliate,202164.58992137504
2024-07-15,Affiliate,184679.29232055787
2024-07-22,Affiliate,174291.34834982117
2024-07-29,Affiliate,169066.9139337882
2024-08-05,Affiliate,163719.75300667938
2024-08-12,Affiliate,193563.16899307744
2024-08-19,Affiliate,169255.88337542332
2024-08-26,Affiliate,178912.74344476435
2024-09-02,Affiliate,168679.467634273
2024-09-09,Affiliate,151926.80067689857
2024-09-16,Affiliate,207645.89148459036
2024-09-23,Affiliate,128445.3368736391
2024-09-30,Affiliate,176726.5169357353
2024-10-07,Affiliate,187022.3706321216
2024-10-14,Affiliate,201211.18179558427
2024-10-21,Affiliate,190375.74074717076
2024-10-28,Affiliate,152790.61782334463
2024-11-04,Affiliate,178848.83140658698
2024-11-11,Affiliate,207683.44280101455
2024-11-18,Affiliate,168002.99531643654
2024-11-25,Affiliate,149183.01184827962
2024-12-02,Affiliate,144124.35026570197
2024-12-09,Affiliate,228612.26294524653
2024-12-16,Affiliate,180399.7095872792
2024-12-23,Affiliate,204700.96911218713
2024-12-30,Affiliate,218569.3491531305
2025-01-06,Affiliate,231528.3960896789
2025-01-13,Affiliate,189074.270369356
2025-01-20,Affiliate,203907.1784974149
2025-01-27,Affiliate,218886.01575440017
2025-02-03,Affiliate,214442.43838952665
2025-02-10,Affiliate,189763.76489712764
2025-02-17,Affiliate,215861.73556043865
2025-02-24,Affiliate,153556.22917317753
2025-03-03,Affiliate,169226.81035391643
2025-03-10,Affiliate,174778.3999010394
2025-03-17,Affiliate,205394.65333900857
2025-03-24,Affiliate,182943.4098210211
2025-03-31,Affiliate,165416.8820111542
2025-04-07,Affiliate,146270.93339152608
2025-04-14,Affiliate,127202.25308043513
2025-04-21,Affiliate,202458.2004597484
2025-04-28,Affiliate,185810.64275576943
2025-05-05,Affiliate,168757.7233707756
2025-05-12,Affiliate,230985.0868649737
2025-05-19,Affiliate,183967.2111817086
2025-05-26,Affiliate,199913.25042834016
2025-06-02,Affiliate,192730.645983944
2025-06-09,Affiliate,198052.15317470196
2025-06-16,Affiliate,172797.93988673727
2025-06-23,Affiliate,214722.08181131296
2025-06-30,Affiliate,192804.99781185456
2025-07-07,Affiliate,149042.46486132362
2025-07-14,Affiliate,209283.59069403433
2025-07-21,Affiliate,178572.72463291712
2025-07-28,Affiliate,178374.66234342102
2025-08-04,Affiliate,192688.5578966678
2025-08-11,Affiliate,169438.87470931205
2025-08-18,Affiliate,197705.78479278527
2025-08-25,Affiliate,144130.68167285278
2025-09-01,Affiliate,155102.66939064034
2025-09-08,Affiliate,158636.21092896935
2025-09-15,Affiliate,136075.13916705042
2025-09-22,Affiliate,200761.49784453484
2025-09-29,Affiliate,184285.9242191945
2025-10-06,Affiliate,194162.43388328815
2025-10-13,Affiliate,223596.77838642924
2025-10-20,Affiliate,246989.80143254396
2025-10-27,Affiliate,201323.95192511755
2025-11-03,Affiliate,199428.4615148149
2025-11-10,Affiliate,185417.3019421243
2025-11-17,Affiliate,182603.04489236255
2025-11-24,Affiliate,202702.0291826906
2025-12-01,Affiliate,186117.03733379455
2025-12-08,Affiliate,224582.7811441277
2025-12-15,Affiliate,238590.71101328917
2025-12-22,Affiliate,204381.43306659377
2023-01-02,Email / CRM,14589.680743374707
2023-01-09,Email / CRM,39518.04363262323
2023-01-16,Email / CRM,44713.064741550545
2023-01-23,Email / CRM,49337.06017046602
2023-01-30,Email / CRM,43016.62997824456
2023-02-06,Email / CRM,42637.76731233062
2023-02-13,Email / CRM,54084.70334617435
2023-02-20,Email / CRM,53965.83722643091
2023-02-27,Email / CRM,52938.10662888888
2023-03-06,Email / CRM,59906.702107837
2023-03-13,Email / CRM,51835.709755880336
2023-03-20,Email / CRM,44147.14496775964
2023-03-27,Email / CRM,46562.0289392134
2023-04-03,Email / CRM,38614.76704928727
2023-04-10,Email / CRM,43583.78819317637
2023-04-17,Email / CRM,55793.80535084765
2023-04-24,Email / CRM,52289.16283785543
2023-05-01,Email / CRM,48171.00871077601
2023-05-08,Email / CRM,69374.53031294605
2023-05-15,Email / CRM,55502.463507802735
2023-05-22,Email / CRM,53934.11129985077
2023-05-29,Email / CRM,52415.484105533615
2023-06-05,Email / CRM,49308.73145294961
2023-06-12,Email / CRM,45030.86279813717
2023-06-19,Email / CRM,56848.93009035428
2023-06-26,Email / CRM,48727.85550583823
2023-07-03,Email / CRM,55318.849571405655
2023-07-10,Email / CRM,66247.7718161957
2023-07-17,Email / CRM,57612.89898469539
2023-07-24,Email / CRM,51555.40304184714
2023-07-31,Email / CRM,53949.11306509283
2023-08-07,Email / CRM,51638.40865861735
2023-08-14,Email / CRM,53100.880018148346
2023-08-21,Email / CRM,55237.44802544439
2023-08-28,Email / CRM,59539.74493043969
2023-09-04,Email / CRM,62618.391337463145
2023-09-11,Email / CRM,65386.47697190414
2023-09-18,Email / CRM,56822.680547728014
2023-09-25,Email / CRM,45172.8993913193
2023-10-02,Email / CRM,56298.40501680702
2023-10-09,Email / CRM,54019.23576464859
2023-10-16,Email / CRM,44542.053817391774
2023-10-23,Email / CRM,51587.94966708301
2023-10-30,Email / CRM,58410.03696028037
2023-11-06,Email / CRM,57987.86508804879
2023-11-13,Email / CRM,49281.71495036581
2023-11-20,Email / CRM,56264.615074009904
2023-11-27,Email / CRM,57759.09695373815
2023-12-04,Email / CRM,60401.645875975046
2023-12-11,Email / CRM,81619.0042518568
2023-12-18,Email / CRM,72904.32105244373
2023-12-25,Email / CRM,65763.2000852721
2024-01-01,Email / CRM,68906.34101487468
2024-01-08,Email / CRM,57717.94686550102
2024-01-15,Email / CRM,58046.14795505158
2024-01-22,Email / CRM,45488.25987020354
2024-01-29,Email / CRM,50029.02767691751
2024-02-05,Email / CRM,47356.60708922116
2024-02-12,Email / CRM,50004.58578395592
2024-02-19,Email / CRM,42419.33554777948
2024-02-26,Email / CRM,46225.15002351016
2024-03-04,Email / CRM,46249.5687548253
2024-03-11,Email / CRM,48127.975745141746
2024-03-18,Email / CRM,40926.388694207446
2024-03-25,Email / CRM,41139.73716416845
2024-04-01,Email / CRM,49398.635699503
2024-04-08,Email / CRM,51986.43973938478
2024-04-15,Email / CRM,49421.49951425408
2024-04-22,Email / CRM,53059.96309230341
2024-04-29,Email / CRM,46317.35207307118
2024-05-06,Email / CRM,51165.671564168995
2024-05-13,Email / CRM,68530.06762570702
2024-05-20,Email / CRM,58178.41303208733
2024-05-27,Email / CRM,61527.79122929815
2024-06-03,Email / CRM,50646.918401851624
2024-06-10,Email / CRM,48885.16485366379
2024-06-17,Email / CRM,44261.41375595774
2024-06-24,Email / CRM,49811.9414880965
2024-07-01,Email / CRM,48008.50859765675
2024-07-08,Email / CRM,46323.38826272069
2024-07-15,Email / CRM,50037.946359261936
2024-07-22,Email / CRM,45887.07856806158
2024-07-29,Email / CRM,51607.54912757504
2024-08-05,Email / CRM,46296.99727546639
2024-08-12,Email / CRM,46627.20859650399
2024-08-19,Email / CRM,41421.855519381796
2024-08-26,Email / CRM,38873.31918329887
2024-09-02,Email / CRM,59537.99617131863
2024-09-09,Email / CRM,49507.2419774491
2024-09-16,Email / CRM,62315.12108094063
2024-09-23,Email / CRM,58690.09199842931
2024-09-30,Email / CRM,52209.32451183807
2024-10-07,Email / CRM,48794.02320532412
2024-10-14,Email / CRM,47472.135292338666
2024-10-21,Email / CRM,55466.48580217916
2024-10-28,Email / CRM,52592.03064765941
2024-11-04,Email / CRM,57874.082359701766
2024-11-11,Email / CRM,50474.15574052431
2024-11-18,Email / CRM,48313.57357150908
2024-11-25,Email / CRM,42750.23063437235
2024-12-02,Email / CRM,59995.13561409508
2024-12-09,Email / CRM,57433.97518817994
2024-12-16,Email / CRM,50577.355325117045
2024-12-23,Email / CRM,55697.36192459599
2024-12-30,Email / CRM,58274.63910617946
2025-01-06,Email / CRM,47455.71665613492
2025-01-13,Email / CRM,48449.759951995366
2025-01-20,Email / CRM,47242.6009073836
2025-01-27,Email / CRM,69062.3879681059
2025-02-03,Email / CRM,57911.21068594291
2025-02-10,Email / CRM,57190.46514593656
2025-02-17,Email / CRM,49478.37710044429
2025-02-24,Email / CRM,52685.2441754447
2025-03-03,Email / CRM,40721.71794134391
2025-03-10,Email / CRM,42275.88969712632
2025-03-17,Email / CRM,42392.61395553873
2025-03-24,Email / CRM,52544.66969458073
2025-03-31,Email / CRM,55173.93611875426
2025-04-07,Email / CRM,52301.10715162963
2025-04-14,Email / CRM,57274.78441669114
2025-04-21,Email / CRM,49597.117968382656
2025-04-28,Email / CRM,45707.273101817285
2025-05-05,Email / CRM,57514.2845552841
2025-05-12,Email / CRM,57453.594366160454
2025-05-19,Email / CRM,44597.85824091085
2025-05-26,Email / CRM,57892.526186844734
2025-06-02,Email / CRM,50746.55611329608
2025-06-09,Email / CRM,43266.564326119005
2025-06-16,Email / CRM,51616.6116383541
2025-06-23,Email / CRM,42638.55873139105
2025-06-30,Email / CRM,51615.23880199685
2025-07-07,Email / CRM,48522.272541324746
2025-07-14,Email / CRM,43660.64150601988
2025-07-21,Email / CRM,46110.13490443988
2025-07-28,Email / CRM,39554.314549222945
2025-08-04,Email / CRM,36205.217892709494
2025-08-11,Email / CRM,34806.16921678363
2025-08-18,Email / CRM,44220.712461102754
2025-08-25,Email / CRM,41950.596266813176
2025-09-01,Email / CRM,47268.21299484373
2025-09-08,Email / CRM,51074.29126033729
2025-09-15,Email / CRM,53556.63146026925
2025-09-22,Email / CRM,43935.982511735
2025-09-29,Email / CRM,51409.535584863144
2025-10-06,Email / CRM,49268.643403620204
2025-10-13,Email / CRM,66070.86190650673
2025-10-20,Email / CRM,58572.7695689282
2025-10-27,Email / CRM,52495.55160324309
2025-11-03,Email / CRM,49099.51152213081
2025-11-10,Email / CRM,50570.56169207764
2025-11-17,Email / CRM,48246.83080724932
2025-11-24,Email / CRM,44820.91494594625
2025-12-01,Email / CRM,52634.93227516587
2025-12-08,Email / CRM,47393.07531124901
2025-12-15,Email / CRM,57543.46030670135
2025-12-22,Email / CRM,50110.368413388
2023-01-02,Direct Mail,55543.105492291135
2023-01-09,Direct Mail,46717.75554571161
2023-01-16,Direct Mail,37425.09948277613
2023-01-23,Direct Mail,35233.32350785317
2023-01-30,Direct Mail,79653.02264949359
2023-02-06,Direct Mail,79125.6421258361
2023-02-13,Direct Mail,64088.57293810453
2023-02-20,Direct Mail,52148.47582163932
2023-02-27,Direct Mail,69655.72423386277
2023-03-06,Direct Mail,48366.67217219691
2023-03-13,Direct Mail,38726.88922138514
2023-03-20,Direct Mail,33856.57984487503
2023-03-27,Direct Mail,64562.07706481451
2023-04-03,Direct Mail,45062.331800618
2023-04-10,Direct Mail,36673.78212681456
2023-04-17,Direct Mail,34312.211905783864
2023-04-24,Direct Mail,54413.29138447415
2023-05-01,Direct Mail,46544.68746870743
2023-05-08,Direct Mail,40216.4364812323
2023-05-15,Direct Mail,36764.485460921125
2023-05-22,Direct Mail,62565.89980467167
2023-05-29,Direct Mail,55101.311128805835
2023-06-05,Direct Mail,46945.47974231246
2023-06-12,Direct Mail,43080.2011845416
2023-06-19,Direct Mail,89725.1838464066
2023-06-26,Direct Mail,64944.12959702472
2023-07-03,Direct Mail,51044.02960499582
2023-07-10,Direct Mail,42892.82369709381
2023-07-17,Direct Mail,71981.2299783244
2023-07-24,Direct Mail,54608.68080369195
2023-07-31,Direct Mail,42896.80495231398
2023-08-07,Direct Mail,37825.32121675995
2023-08-14,Direct Mail,68661.55103055944
2023-08-21,Direct Mail,50308.55435585164
2023-08-28,Direct Mail,39709.60674158091
2023-09-04,Direct Mail,42729.99741040686
2023-09-11,Direct Mail,53566.11630648136
2023-09-18,Direct Mail,45340.539298084266
2023-09-25,Direct Mail,34347.46902856364
2023-10-02,Direct Mail,37033.33927676666
2023-10-09,Direct Mail,73861.19537985782
2023-10-16,Direct Mail,64897.97106354548
2023-10-23,Direct Mail,44661.73374977691
2023-10-30,Direct Mail,36749.05967388092
2023-11-06,Direct Mail,86566.8016155697
2023-11-13,Direct Mail,60856.89045058512
2023-11-20,Direct Mail,51961.77987248576
2023-11-27,Direct Mail,47707.1322723924
2023-12-04,Direct Mail,115477.9186477076
2023-12-11,Direct Mail,82845.4189480389
2023-12-18,Direct Mail,61870.77582760941
2023-12-25,Direct Mail,60422.17820788173
2024-01-01,Direct Mail,100415.43456301732
2024-01-08,Direct Mail,66817.68489716148
2024-01-15,Direct Mail,46355.27573732577
2024-01-22,Direct Mail,52915.173201084704
2024-01-29,Direct Mail,88274.47748071665
2024-02-05,Direct Mail,73298.804533255
2024-02-12,Direct Mail,57597.40225207038
2024-02-19,Direct Mail,46178.36206330046
2024-02-26,Direct Mail,72955.12912126619
2024-03-04,Direct Mail,45524.895161465705
2024-03-11,Direct Mail,39984.187602286125
2024-03-18,Direct Mail,37035.36217326046
2024-03-25,Direct Mail,75344.75721675342
2024-04-01,Direct Mail,53830.53559063083
2024-04-08,Direct Mail,45982.58871444145
2024-04-15,Direct Mail,38901.740525622125
2024-04-22,Direct Mail,63125.506914517566
2024-04-29,Direct Mail,53612.273204303725
2024-05-06,Direct Mail,42159.727803588845
2024-05-13,Direct Mail,38630.44690153342
2024-05-20,Direct Mail,90520.61850089303
2024-05-27,Direct Mail,57652.548438239966
2024-06-03,Direct Mail,46786.00387540107
2024-06-10,Direct Mail,42705.03808759073
2024-06-17,Direct Mail,59924.38770287293
2024-06-24,Direct Mail,51063.37968189453
2024-07-01,Direct Mail,41546.179517868615
2024-07-08,Direct Mail,40037.721100922514
2024-07-15,Direct Mail,101171.0822151108
2024-07-22,Direct Mail,67862.63400293869
2024-07-29,Direct Mail,53987.815358351254
2024-08-05,Direct Mail,39275.8794997138
2024-08-12,Direct Mail,54707.329797838975
2024-08-19,Direct Mail,41592.72913312733
2024-08-26,Direct Mail,46332.268986171955
2024-09-02,Direct Mail,33982.509601735495
2024-09-09,Direct Mail,61883.94004618436
2024-09-16,Direct Mail,51732.39680740895
2024-09-23,Direct Mail,54105.02281868251
2024-09-30,Direct Mail,48512.39727969498
2024-10-07,Direct Mail,69249.70009322329
2024-10-14,Direct Mail,45476.55628388037
2024-10-21,Direct Mail,46340.71218536185
2024-10-28,Direct Mail,44831.64480319202
2024-11-04,Direct Mail,74049.30133646644
2024-11-11,Direct Mail,54760.62004994201
2024-11-18,Direct Mail,48388.32895515407
2024-11-25,Direct Mail,46082.758458589946
2024-12-02,Direct Mail,94870.90773308548
2024-12-09,Direct Mail,67898.43478493916
2024-12-16,Direct Mail,59098.65741212717
2024-12-23,Direct Mail,64947.26706298461
2024-12-30,Direct Mail,92712.47508254377
2025-01-06,Direct Mail,77856.57117096307
2025-01-13,Direct Mail,68509.44381471952
2025-01-20,Direct Mail,56325.632390132494
2025-01-27,Direct Mail,79422.56224089357
2025-02-03,Direct Mail,64993.13768312345
2025-02-10,Direct Mail,49244.24824780579
2025-02-17,Direct Mail,41806.12607046844
2025-02-24,Direct Mail,78169.92571290702
2025-03-03,Direct Mail,57673.801752846666
2025-03-10,Direct Mail,46761.90257415129
2025-03-17,Direct Mail,36328.21006773449
2025-03-24,Direct Mail,74556.11412157425
2025-03-31,Direct Mail,52248.29704307538
2025-04-07,Direct Mail,46746.41917983728
2025-04-14,Direct Mail,42163.577070345695
2025-04-21,Direct Mail,79203.41371193624
2025-04-28,Direct Mail,58809.42239556241
2025-05-05,Direct Mail,40680.440836749745
2025-05-12,Direct Mail,33413.96528257281
2025-05-19,Direct Mail,68899.37634780243
2025-05-26,Direct Mail,51683.2890617399
2025-06-02,Direct Mail,55096.616350019984
2025-06-09,Direct Mail,41994.749805528714
2025-06-16,Direct Mail,96615.02421254772
2025-06-23,Direct Mail,68880.75203047047
2025-06-30,Direct Mail,55188.63231719586
2025-07-07,Direct Mail,45352.572821871254
2025-07-14,Direct Mail,73990.16450536689
2025-07-21,Direct Mail,54171.21797752547
2025-07-28,Direct Mail,40517.48048463066
2025-08-04,Direct Mail,46804.638946622974
2025-08-11,Direct Mail,68678.64839959766
2025-08-18,Direct Mail,53821.39019506221
2025-08-25,Direct Mail,54499.72923639055
2025-09-01,Direct Mail,39256.99009855257
2025-09-08,Direct Mail,66120.81766906948
2025-09-15,Direct Mail,45526.41514961179
2025-09-22,Direct Mail,38231.98685737298
2025-09-29,Direct Mail,44650.23037505368
2025-10-06,Direct Mail,57132.06713757781
2025-10-13,Direct Mail,42893.19849160018
2025-10-20,Direct Mail,40592.58997844847
2025-10-27,Direct Mail,38537.835576079975
2025-11-03,Direct Mail,66522.85774341601
2025-11-10,Direct Mail,50428.879660064114
2025-11-17,Direct Mail,53510.414876750314
2025-11-24,Direct Mail,53960.63125610212
2025-12-01,Direct Mail,76026.77067067439
2025-12-08,Direct Mail,58202.60122147482
2025-12-15,Direct Mail,55035.93475141376
2025-12-22,Direct Mail,51065.449870010314
2023-01-02,Podcast,29993.75007530574
2023-01-09,Podcast,40876.31012067339
2023-01-16,Podcast,37708.451337031474
2023-01-23,Podcast,40741.225791084784
2023-01-30,Podcast,36229.062518489816
2023-02-06,Podcast,22161.05935098058
2023-02-13,Podcast,14619.34047196526
2023-02-20,Podcast,10167.407499813817
2023-02-27,Podcast,21516.185343763464
2023-03-06,Podcast,29115.88699622845
2023-03-13,Podcast,38027.57023559024
2023-03-20,Podcast,46944.55096974768
2023-03-27,Podcast,41936.84457356081
2023-04-03,Podcast,25540.89297942992
2023-04-10,Podcast,16540.377028932973
2023-04-17,Podcast,11281.71293949908
2023-04-24,Podcast,26618.748721424327
2023-05-01,Podcast,47282.54705611416
2023-05-08,Podcast,43987.09902707633
2023-05-15,Podcast,44581.810385300254
2023-05-22,Podcast,39408.776209092925
2023-05-29,Podcast,24495.71649114023
2023-06-05,Podcast,16255.104047906034
2023-06-12,Podcast,11177.554681578027
2023-06-19,Podcast,23436.819264307534
2023-06-26,Podcast,26770.083950826604
2023-07-03,Podcast,34905.24901244568
2023-07-10,Podcast,37891.23053362037
2023-07-17,Podcast,47003.445609351314
2023-07-24,Podcast,28359.120812418725
2023-07-31,Podcast,17987.209879489852
2023-08-07,Podcast,12090.706358647196
2023-08-14,Podcast,34357.30994208726
2023-08-21,Podcast,43862.43631946018
2023-08-28,Podcast,38423.282350908186
2023-09-04,Podcast,39530.730895613226
2023-09-11,Podcast,45649.86774835279
2023-09-18,Podcast,27866.76405004304
2023-09-25,Podcast,18206.212713946992
2023-10-02,Podcast,12413.728490427133
2023-10-09,Podcast,25440.512554418074
2023-10-16,Podcast,34613.32311359135
2023-10-23,Podcast,39316.58001720989
2023-10-30,Podcast,41120.38569866975
2023-11-06,Podcast,48700.60494210723
2023-11-13,Podcast,29589.58493685268
2023-11-20,Podcast,19024.865500866763
2023-11-27,Podcast,12943.410175740237
2023-12-04,Podcast,31763.10595665127
2023-12-11,Podcast,42519.994366562925
2023-12-18,Podcast,55212.95523872423
2023-12-25,Podcast,57979.13917897641
2024-01-01,Podcast,51607.03683189365
2024-01-08,Podcast,32594.767253051865
2024-01-15,Podcast,21660.989005979096
2024-01-22,Podcast,14969.669208917916
2024-01-29,Podcast,34160.22648789338
2024-02-05,Podcast,35380.03115978374
2024-02-12,Podcast,36819.62396650181
2024-02-19,Podcast,39735.83410299629
2024-02-26,Podcast,41366.01691280341
2024-03-04,Podcast,25215.52131686854
2024-03-11,Podcast,16414.86316734691
2024-03-18,Podcast,11005.621886011306
2024-03-25,Podcast,26992.85697511808
2024-04-01,Podcast,31802.060231465177
2024-04-08,Podcast,36979.37808585108
2024-04-15,Podcast,53680.708854100405
2024-04-22,Podcast,59312.33648270316
2024-04-29,Podcast,36986.44720152696
2024-05-06,Podcast,24041.746934688195
2024-05-13,Podcast,16335.474436805236
2024-05-20,Podcast,31333.644814900137
2024-05-27,Podcast,38034.17550022879
2024-06-03,Podcast,42810.89751745942
2024-06-10,Podcast,43876.524374228495
2024-06-17,Podcast,50349.735509718135
2024-06-24,Podcast,31011.173116115107
2024-07-01,Podcast,20281.21541974125
2024-07-08,Podcast,13877.192448960765
2024-07-15,Podcast,20800.338600665833
2024-07-22,Podcast,45774.630141419955
2024-07-29,Podcast,42292.442170738184
2024-08-05,Podcast,37603.13334452295
2024-08-12,Podcast,48380.321380199486
2024-08-19,Podcast,29494.994092711662
2024-08-26,Podcast,19107.311873049784
2024-09-02,Podcast,12952.275980509288
2024-09-09,Podcast,34351.49885364187
2024-09-16,Podcast,40220.5500636138
2024-09-23,Podcast,35877.16881840587
2024-09-30,Podcast,48042.33101201892
2024-10-07,Podcast,40946.68571558248
2024-10-14,Podcast,25422.573936249748
2024-10-21,Podcast,16563.12533810301
2024-10-28,Podcast,11394.180659970343
2024-11-04,Podcast,28120.132555322092
2024-11-11,Podcast,37848.67598490024
2024-11-18,Podcast,42854.86207612862
2024-11-25,Podcast,37784.5554916949
2024-12-02,Podcast,51894.308946735095
2024-12-09,Podcast,31628.897538221787
2024-12-16,Podcast,20356.278618776192
2024-12-23,Podcast,13845.527029049692
2024-12-30,Podcast,21437.599169937777
2025-01-06,Podcast,32194.922324305073
2025-01-13,Podcast,35213.92017305578
2025-01-20,Podcast,38395.17594939573
2025-01-27,Podcast,41282.86411552263
2025-02-03,Podcast,24949.90414833359
2025-02-10,Podcast,16121.299749807937
2025-02-17,Podcast,10889.951857271306
2025-02-24,Podcast,27600.806553214985
2025-03-03,Podcast,32404.75043161318
2025-03-10,Podcast,31540.877134718437
2025-03-17,Podcast,32140.444504893025
2025-03-24,Podcast,43621.04231398898
2025-03-31,Podcast,26135.31623252957
2025-04-07,Podcast,16714.01484200815
2025-04-14,Podcast,11263.2513567379
2025-04-21,Podcast,33969.95252295116
2025-04-28,Podcast,40467.655111473665
2025-05-05,Podcast,49160.59335522158
2025-05-12,Podcast,50156.17886744391
2025-05-19,Podcast,44535.15291317613
2025-05-26,Podcast,27717.084725337103
2025-06-02,Podcast,18346.83119952767
2025-06-09,Podcast,12718.827465182105
2025-06-16,Podcast,27544.181666460656
2025-06-23,Podcast,37155.90459135538
2025-06-30,Podcast,41497.66929012978
2025-07-07,Podcast,37408.44562353659
2025-07-14,Podcast,36871.9392865312
2025-07-21,Podcast,22475.464196772176
2025-07-28,Podcast,14711.351509410137
2025-08-04,Podcast,9944.92648538926
2025-08-11,Podcast,28023.146253899195
2025-08-18,Podcast,37361.097638380634
2025-08-25,Podcast,44610.89401448436
2025-09-01,Podcast,42315.60030554849
2025-09-08,Podcast,42848.10156029696
2025-09-15,Podcast,26220.767841340858
2025-09-22,Podcast,17085.275511470543
2025-09-29,Podcast,11621.873355934546
2025-10-06,Podcast,32672.846435933046
2025-10-13,Podcast,37700.26599133613
2025-10-20,Podcast,43289.93808098813
2025-10-27,Podcast,49253.83258425287
2025-11-03,Podcast,49985.87861941927
2025-11-10,Podcast,30882.880084463184
2025-11-17,Podcast,20161.248895916233
2025-11-24,Podcast,13692.586100649043
2025-12-01,Podcast,30349.65927720494
2025-12-08,Podcast,46074.8337238118
2025-12-15,Podcast,61602.479345479755
2025-12-22,Podcast,57815.666038772
2023-01-02,Baseline,1747927.3080210327
2023-01-09,Baseline,1498537.0284474257
2023-01-16,Baseline,1372465.783548777
2023-01-23,Baseline,1321972.3998335593
2023-01-30,Baseline,1417484.998737974
2023-02-06,Baseline,1363763.182296791
2023-02-13,Baseline,1705956.921845427
2023-02-20,Baseline,1423875.4410330486
2023-02-27,Baseline,1409957.2826117333
2023-03-06,Baseline,1415479.439368732
2023-03-13,Baseline,1423091.2822116036
2023-03-20,Baseline,1451281.5463943812
2023-03-27,Baseline,1495403.2613045245
2023-04-03,Baseline,1507349.9379915665
2023-04-10,Baseline,1511861.284739965
2023-04-17,Baseline,1501746.60722972
2023-04-24,Baseline,1491993.98192319
2023-05-01,Baseline,1487595.4072192996
2023-05-08,Baseline,1799767.505139429
2023-05-15,Baseline,1519618.2477240523
2023-05-22,Baseline,1546245.525471529
2023-05-29,Baseline,1669938.5645184214
2023-06-05,Baseline,1594896.2027242945
2023-06-12,Baseline,1592310.592965847
2023-06-19,Baseline,1611100.4492863773
2023-06-26,Baseline,1640649.1567320025
2023-07-03,Baseline,1661975.9270035855
2023-07-10,Baseline,1701447.056648052
2023-07-17,Baseline,1726778.9984020088
2023-07-24,Baseline,1709776.9869889177
2023-07-31,Baseline,1677527.1069513666
2023-08-07,Baseline,1637842.8689749152
2023-08-14,Baseline,1602614.187208133
2023-08-21,Baseline,1601207.6127786248
2023-08-28,Baseline,1588958.3104725257
2023-09-04,Baseline,1571038.2945899037
2023-09-11,Baseline,1555472.1140523723
2023-09-18,Baseline,1536294.4850929438
2023-09-25,Baseline,1536038.8512022188
2023-10-02,Baseline,1532930.3966093028
2023-10-09,Baseline,1569976.678225296
2023-10-16,Baseline,1617454.777664936
2023-10-23,Baseline,1673007.2971823288
2023-10-30,Baseline,1712005.14860045
2023-11-06,Baseline,1768629.0225101816
2023-11-13,Baseline,1837647.7030588156
2023-11-20,Baseline,2220148.037281025
2023-11-27,Baseline,1993784.818141345
2023-12-04,Baseline,2174150.045027159
2023-12-11,Baseline,2215086.243607958
2023-12-18,Baseline,2427642.2353285155
2023-12-25,Baseline,2108244.4705787124
2024-01-01,Baseline,1880676.7202514615
2024-01-08,Baseline,1720030.638474198
2024-01-15,Baseline,1588699.4584384267
2024-01-22,Baseline,1529644.9667264093
2024-01-29,Baseline,1523967.524068711
2024-02-05,Baseline,1563124.412790528
2024-02-12,Baseline,1918695.9658200447
2024-02-19,Baseline,1619082.197805611
2024-02-26,Baseline,1719624.5521352333
2024-03-04,Baseline,1707438.054212098
2024-03-11,Baseline,1633056.1550983535
2024-03-18,Baseline,1664121.557641538
2024-03-25,Baseline,1697548.765662162
2024-04-01,Baseline,1724754.2717749504
2024-04-08,Baseline,1746171.0892099438
2024-04-15,Baseline,1720486.6306532433
2024-04-22,Baseline,1702412.193052235
2024-04-29,Baseline,1675602.2751242756
2024-05-06,Baseline,1998717.5368909277
2024-05-13,Baseline,1725440.5044429563
2024-05-20,Baseline,1784945.6127878132
2024-05-27,Baseline,1829523.7514722897
2024-06-03,Baseline,1936569.5776998329
2024-06-10,Baseline,1855506.261997123
2024-06-17,Baseline,1874283.9182372696
2024-06-24,Baseline,1893979.502281211
2024-07-01,Baseline,1928998.8008978115
2024-07-08,Baseline,1962157.1181460137
2024-07-15,Baseline,1973759.6726290935
2024-07-22,Baseline,1972423.236364917
2024-07-29,Baseline,2027359.670593836
2024-08-05,Baseline,1990628.775126569
2024-08-12,Baseline,1870157.851062614
2024-08-19,Baseline,1869579.1366126272
2024-08-26,Baseline,1854243.2595208103
2024-09-02,Baseline,1846296.6384288245
2024-09-09,Baseline,1828579.9969305596
2024-09-16,Baseline,1798014.0469819875
2024-09-23,Baseline,1787892.8579349103
2024-09-30,Baseline,1784945.9312932882
2024-10-07,Baseline,1817380.67834926
2024-10-14,Baseline,1857285.632282663
2024-10-21,Baseline,1912724.8724987255
2024-10-28,Baseline,1951874.3281156616
2024-11-04,Baseline,2001838.3006370456
2024-11-11,Baseline,2052721.2432820736
2024-11-18,Baseline,2237943.5194332954
2024-11-25,Baseline,2537384.5292047174
2024-12-02,Baseline,2304168.7060282435
2024-12-09,Baseline,2357443.974849401
2024-12-16,Baseline,2648231.210531771
2024-12-23,Baseline,2551363.655651556
2024-12-30,Baseline,2199669.2822375637
2025-01-06,Baseline,1952979.9867907572
2025-01-13,Baseline,1804201.8721518065
2025-01-20,Baseline,1729021.8235543612
2025-01-27,Baseline,1810189.708173629
2025-02-03,Baseline,1821386.8598163207
2025-02-10,Baseline,2080948.8919337816
2025-02-17,Baseline,1888802.7049119524
2025-02-24,Baseline,1789561.3421278358
2025-03-03,Baseline,1799940.478337095
2025-03-10,Baseline,1894030.9752360757
2025-03-17,Baseline,1823108.8499246296
2025-03-24,Baseline,1860287.371369612
2025-03-31,Baseline,1880183.131388154
2025-04-07,Baseline,1901074.7636716152
2025-04-14,Baseline,1897632.4293296384
2025-04-21,Baseline,1875877.6709972257
2025-04-28,Baseline,1842614.7548436048
2025-05-05,Baseline,2160647.2548273243
2025-05-12,Baseline,1869221.180494695
2025-05-19,Baseline,1896901.0223370888
2025-05-26,Baseline,1934859.6886627455
2025-06-02,Baseline,1956711.360904393
2025-06-09,Baseline,1966491.83566228
2025-06-16,Baseline,1982295.1732397664
2025-06-23,Baseline,2013882.1344896231
2025-06-30,Baseline,2050005.1788831917
2025-07-07,Baseline,2089374.0401360544
2025-07-14,Baseline,2100210.9409580664
2025-07-21,Baseline,2083933.921560428
2025-07-28,Baseline,2066904.282572761
2025-08-04,Baseline,2127423.967809481
2025-08-11,Baseline,1987149.451946966
2025-08-18,Baseline,1974320.4735241137
2025-08-25,Baseline,1962853.780085293
2025-09-01,Baseline,1957979.8027866967
2025-09-08,Baseline,1930162.767143661
2025-09-15,Baseline,1908362.324885872
2025-09-22,Baseline,1895936.9990387785
2025-09-29,Baseline,1878699.8232106145
2025-10-06,Baseline,1894807.9517961035
2025-10-13,Baseline,1923770.2220833509
2025-10-20,Baseline,1970473.2584129693
2025-10-27,Baseline,2032831.1198274489
2025-11-03,Baseline,2179614.2708353633
2025-11-10,Baseline,2150401.1983484793
2025-11-17,Baseline,2306927.813877721
2025-11-24,Baseline,2629286.0668428764
2025-12-01,Baseline,2425695.8291272735
2025-12-08,Baseline,2587425.749111988
2025-12-15,Baseline,2822761.862874802
2025-12-22,Baseline,2762369.2519275625
